{
    "version": "0.4",
    "title": "Blog",
    "type": "page",
    "metadata": {
        "template_type": "single-page",
        "include_in_zip": "1",
        "elementor_pro_required": null,
        "wp_page_template": "elementor_canvas"
    },
    "content": [
        {
            "id": "5814198f",
            "settings": {
                "content_width": {
                    "unit": "px",
                    "size": 1300,
                    "sizes": []
                },
                "background_background": "classic",
                "background_image": {
                    "url": "https:\/\/kit.juliha.com\/zitshoe\/wp-content\/uploads\/sites\/16\/2021\/06\/anton-jansson-BJqSvS7Cyc0-unsplash.jpg",
                    "id": 712
                },
                "background_position": "center center",
                "background_size": "cover",
                "background_overlay_background": "classic",
                "background_overlay_color": "#FFFFFF",
                "margin": {
                    "unit": "px",
                    "top": "0",
                    "right": 0,
                    "bottom": "0",
                    "left": 0,
                    "isLinked": false
                },
                "padding": {
                    "unit": "px",
                    "top": "200",
                    "right": "0",
                    "bottom": "115",
                    "left": "0",
                    "isLinked": false
                },
                "padding_tablet": {
                    "unit": "px",
                    "top": "150",
                    "right": "0",
                    "bottom": "85",
                    "left": "0",
                    "isLinked": false
                },
                "padding_mobile": {
                    "unit": "px",
                    "top": "120",
                    "right": "0",
                    "bottom": "70",
                    "left": "0",
                    "isLinked": false
                },
                "__globals__": {
                    "background_overlay_color": ""
                }
            },
            "elements": [
                {
                    "id": "67cbccaa",
                    "settings": {
                        "_column_size": 100,
                        "_inline_size": null
                    },
                    "elements": [
                        {
                            "id": "294a07f",
                            "settings": {
                                "title": "Blog & News",
                                "align": "center",
                                "_animation": "fadeIn",
                                "_margin": {
                                    "unit": "px",
                                    "top": "0",
                                    "right": "0",
                                    "bottom": "-10",
                                    "left": "0",
                                    "isLinked": false
                                },
                                "_margin_tablet": {
                                    "unit": "px",
                                    "top": "0",
                                    "right": "0",
                                    "bottom": "-20",
                                    "left": "0",
                                    "isLinked": false
                                }
                            },
                            "elements": [],
                            "isInner": false,
                            "widgetType": "heading",
                            "elType": "widget"
                        },
                        {
                            "id": "79b27277",
                            "settings": {
                                "structure": "20",
                                "animation": "fadeIn",
                                "animation_delay": 200
                            },
                            "elements": [
                                {
                                    "id": "6ac6391d",
                                    "settings": {
                                        "_column_size": 50,
                                        "_inline_size": 48.5,
                                        "_inline_size_tablet": 48,
                                        "_inline_size_mobile": 46,
                                        "content_position": "center"
                                    },
                                    "elements": [
                                        {
                                            "id": "6411ff02",
                                            "settings": {
                                                "title": "Home",
                                                "link": {
                                                    "url": "#",
                                                    "is_external": "",
                                                    "nofollow": "",
                                                    "custom_attributes": ""
                                                },
                                                "header_size": "h5",
                                                "align": "right",
                                                "__globals__": {
                                                    "typography_typography": "globals\/typography?id=text",
                                                    "title_color": "globals\/colors?id=text"
                                                }
                                            },
                                            "elements": [],
                                            "isInner": false,
                                            "widgetType": "heading",
                                            "elType": "widget"
                                        }
                                    ],
                                    "isInner": true,
                                    "elType": "column"
                                },
                                {
                                    "id": "30eff6b3",
                                    "settings": {
                                        "_column_size": 50,
                                        "_inline_size": 51.5,
                                        "_inline_size_tablet": 52,
                                        "_inline_size_mobile": 54,
                                        "content_position": "center"
                                    },
                                    "elements": [
                                        {
                                            "id": "67282ab0",
                                            "settings": {
                                                "ekit_headerinfo_group": [
                                                    {
                                                        "ekit_headerinfo_text": "Blog",
                                                        "_id": "a7b3e0e",
                                                        "ekit_headerinfo_icons": {
                                                            "value": "fas fa-circle",
                                                            "library": "fa-solid"
                                                        }
                                                    }
                                                ],
                                                "ekit_info_item_margin": {
                                                    "unit": "px",
                                                    "top": "0",
                                                    "right": "0",
                                                    "bottom": "0",
                                                    "left": "0",
                                                    "isLinked": false
                                                },
                                                "ekit_info_item_padding": {
                                                    "unit": "px",
                                                    "top": "0",
                                                    "right": "0",
                                                    "bottom": "0",
                                                    "left": "0",
                                                    "isLinked": false
                                                },
                                                "ekit_simple_tab_title_icon_size": {
                                                    "unit": "px",
                                                    "size": 10,
                                                    "sizes": []
                                                },
                                                "ekit_info_icon_spacing": {
                                                    "unit": "px",
                                                    "size": 15,
                                                    "sizes": []
                                                },
                                                "_margin": {
                                                    "unit": "px",
                                                    "top": "0",
                                                    "right": "0",
                                                    "bottom": "-2",
                                                    "left": "0",
                                                    "isLinked": false
                                                },
                                                "__globals__": {
                                                    "elementskit_content_typography_typography": "globals\/typography?id=accent",
                                                    "ekit_info_text_color": "globals\/colors?id=primary",
                                                    "ekit_info_icon_color": "globals\/colors?id=secondary"
                                                }
                                            },
                                            "elements": [],
                                            "isInner": false,
                                            "widgetType": "elementskit-header-info",
                                            "elType": "widget"
                                        }
                                    ],
                                    "isInner": true,
                                    "elType": "column"
                                }
                            ],
                            "isInner": true,
                            "elType": "section"
                        }
                    ],
                    "isInner": false,
                    "elType": "column"
                }
            ],
            "isInner": false,
            "elType": "section"
        },
        {
            "id": "e35ab52",
            "settings": {
                "content_width": {
                    "unit": "px",
                    "size": 1370,
                    "sizes": []
                },
                "structure": "20",
                "margin": {
                    "unit": "px",
                    "top": "0",
                    "right": 0,
                    "bottom": "0",
                    "left": 0,
                    "isLinked": false
                },
                "padding_mobile": {
                    "unit": "px",
                    "top": "50",
                    "right": "0",
                    "bottom": "50",
                    "left": "0",
                    "isLinked": false
                },
                "margin_mobile": {
                    "unit": "px",
                    "top": "0",
                    "right": 0,
                    "bottom": "0",
                    "left": 0,
                    "isLinked": false
                },
                "margin_tablet": {
                    "unit": "px",
                    "top": "0",
                    "right": 0,
                    "bottom": "0",
                    "left": 0,
                    "isLinked": false
                },
                "padding": {
                    "unit": "px",
                    "top": "100",
                    "right": "0",
                    "bottom": "100",
                    "left": "0",
                    "isLinked": false
                },
                "padding_tablet": {
                    "unit": "px",
                    "top": "70",
                    "right": "0",
                    "bottom": "70",
                    "left": "0",
                    "isLinked": false
                }
            },
            "elements": [
                {
                    "id": "25247a9e",
                    "settings": {
                        "_column_size": 50,
                        "_inline_size": 65,
                        "margin_tablet": {
                            "unit": "px",
                            "top": "0",
                            "right": "0",
                            "bottom": "0",
                            "left": "0",
                            "isLinked": false
                        },
                        "margin_mobile": {
                            "unit": "px",
                            "top": "0",
                            "right": "0",
                            "bottom": "50",
                            "left": "0",
                            "isLinked": false
                        },
                        "animation": "fadeIn",
                        "animation_delay": 200,
                        "margin": {
                            "unit": "px",
                            "top": "0",
                            "right": "0",
                            "bottom": "0",
                            "left": "0",
                            "isLinked": false
                        },
                        "_inline_size_tablet": 100,
                        "padding_tablet": {
                            "unit": "px",
                            "top": "0",
                            "right": "20",
                            "bottom": "70",
                            "left": "20",
                            "isLinked": false
                        },
                        "padding_mobile": {
                            "unit": "px",
                            "top": "0",
                            "right": "10",
                            "bottom": "0",
                            "left": "10",
                            "isLinked": false
                        }
                    },
                    "elements": [
                        {
                            "id": "379de0dd",
                            "settings": {
                                "sg_content_excerpt_more": "...",
                                "sg_content_readmore_text": "READ MORE",
                                "sg_content_meta_author_by_text": "by",
                                "sg_content_meta_date_format_custom": "F j, Y",
                                "pagination_loadmore_text": "More Post",
                                "pagination_loading_text": "Loading...",
                                "st_nocontent_text": "No Content Available",
                                "sort_by": "oldest",
                                "sg_content_image_size_imagesize_size": "2048x2048",
                                "sg_content_comment_enable": "",
                                "st_pagination_padding_responsive": {
                                    "unit": "px",
                                    "top": "20",
                                    "right": "30",
                                    "bottom": "20",
                                    "left": "30",
                                    "isLinked": false
                                },
                                "st_pagination_normal_border_border_border": "solid",
                                "st_pagination_normal_border_border_width": {
                                    "unit": "px",
                                    "top": "1",
                                    "right": "1",
                                    "bottom": "1",
                                    "left": "1",
                                    "isLinked": true
                                },
                                "st_pagination_hover_border_border_border": "solid",
                                "st_pagination_hover_border_border_width": {
                                    "unit": "px",
                                    "top": "1",
                                    "right": "1",
                                    "bottom": "1",
                                    "left": "1",
                                    "isLinked": true
                                },
                                "st_pagination_normal_border_radius_responsive": {
                                    "unit": "px",
                                    "top": "0",
                                    "right": "0",
                                    "bottom": "0",
                                    "left": "0",
                                    "isLinked": false
                                },
                                "__globals__": {
                                    "st_category_typography_content_typography_typography": "",
                                    "st_category_color_responsive": "globals\/colors?id=accent",
                                    "st_title_normal_typography_content_typography_typography": "globals\/typography?id=1950994",
                                    "st_title_normal_color_responsive": "globals\/colors?id=primary",
                                    "st_excerpt_typography_content_typography_typography": "globals\/typography?id=text",
                                    "st_excerpt_color_responsive": "globals\/colors?id=text",
                                    "st_nocontent_typography_content_typography_typography": "globals\/typography?id=text",
                                    "st_nocontent_color_responsive": "globals\/colors?id=primary",
                                    "st_readmore_typography_content_typography_typography": "globals\/typography?id=accent",
                                    "st_readmore_normal_border_border_color": "",
                                    "st_readmore_normal_background_background_color": "",
                                    "st_readmore_normal_color_responsive": "globals\/colors?id=primary",
                                    "st_readmore_hover_color_responsive": "globals\/colors?id=secondary",
                                    "st_category_background_background_color": "globals\/colors?id=secondary",
                                    "st_readmore_hover_background_background_color": "",
                                    "st_readmore_hover_border_border_color": "globals\/colors?id=primary",
                                    "st_meta_typography_content_typography_typography": "globals\/typography?id=text",
                                    "st_meta_color_responsive": "",
                                    "st_pagination_typography_content_typography_typography": "globals\/typography?id=accent",
                                    "st_pagination_normal_color_responsive": "",
                                    "st_pagination_normal_border_border_color": "globals\/colors?id=primary",
                                    "st_pagination_hover_border_border_color": "globals\/colors?id=primary",
                                    "st_title_hover_color_responsive": "",
                                    "st_pagination_normal_background_background_color": "globals\/colors?id=primary",
                                    "st_pagination_hover_color_responsive": "globals\/colors?id=primary",
                                    "st_pagination_hover_background_background_color": "",
                                    "st_meta_author_name_typography_content_typography_typography": "globals\/typography?id=text",
                                    "st_meta_author_name_color_responsive": ""
                                },
                                "st_post_item_margin_responsive_mobile": {
                                    "unit": "px",
                                    "top": "0",
                                    "right": "10",
                                    "bottom": "30",
                                    "left": "10",
                                    "isLinked": false
                                },
                                "sg_content_readmore_icon": {
                                    "value": "fas fa-caret-right",
                                    "library": "fa-solid"
                                },
                                "st_category_color_responsive": "#FCFCFC",
                                "st_title_normal_color_responsive": "#000000",
                                "st_excerpt_color_responsive": "#4F4F4F",
                                "st_readmore_padding_responsive": {
                                    "unit": "px",
                                    "top": "0",
                                    "right": "0",
                                    "bottom": "0",
                                    "left": "0",
                                    "isLinked": false
                                },
                                "st_readmore_margin_responsive": {
                                    "unit": "px",
                                    "top": "0",
                                    "right": "0",
                                    "bottom": "0",
                                    "left": "0",
                                    "isLinked": false
                                },
                                "st_readmore_normal_background_background_background": "classic",
                                "st_readmore_normal_background_background_color": "#00000000",
                                "st_readmore_normal_border_radius_responsive": {
                                    "unit": "px",
                                    "top": "0",
                                    "right": "0",
                                    "bottom": "0",
                                    "left": "0",
                                    "isLinked": false
                                },
                                "st_readmore_normal_border_border_width": {
                                    "unit": "px",
                                    "top": "0",
                                    "right": "0",
                                    "bottom": "0",
                                    "left": "1",
                                    "isLinked": false
                                },
                                "st_readmore_normal_border_border_color": "#FFFFFF00",
                                "st_readmore_hover_color_responsive": "#FF7D03",
                                "st_nocontent_color_responsive": "#000000",
                                "st_readmore_normal_color_responsive": "#000000",
                                "st_post_item_margin_responsive_tablet": {
                                    "unit": "px",
                                    "top": "0",
                                    "right": "0",
                                    "bottom": "50",
                                    "left": "0",
                                    "isLinked": false
                                },
                                "st_wrapper_padding_responsive_mobile": {
                                    "unit": "px",
                                    "top": "0",
                                    "right": "0",
                                    "bottom": "0",
                                    "left": "0",
                                    "isLinked": false
                                },
                                "st_wrapper_margin_responsive_mobile": {
                                    "unit": "px",
                                    "top": "0",
                                    "right": "0",
                                    "bottom": "0",
                                    "left": "0",
                                    "isLinked": false
                                },
                                "st_thumbnail_container_height_responsive_mobile": {
                                    "unit": "px",
                                    "size": 280,
                                    "sizes": []
                                },
                                "st_category_background_background_color": "#FF7D03",
                                "st_title_margin_responsive": {
                                    "unit": "px",
                                    "top": "20",
                                    "right": "0",
                                    "bottom": "10",
                                    "left": "0",
                                    "isLinked": false
                                },
                                "st_readmore_icon_spacing_responsive": {
                                    "unit": "px",
                                    "size": 8,
                                    "sizes": []
                                },
                                "_animation": "fadeIn",
                                "_animation_delay": 400,
                                "sg_content_category_enable": "",
                                "st_title_normal_typography_content_typography_typography": "custom",
                                "st_title_normal_typography_content_typography_font_family": "Poppins",
                                "st_title_normal_typography_content_typography_font_size": {
                                    "unit": "px",
                                    "size": 20,
                                    "sizes": []
                                },
                                "st_title_normal_typography_content_typography_font_size_tablet": {
                                    "unit": "px",
                                    "size": 23,
                                    "sizes": []
                                },
                                "st_title_normal_typography_content_typography_font_size_mobile": {
                                    "unit": "px",
                                    "size": 20,
                                    "sizes": []
                                },
                                "st_title_normal_typography_content_typography_font_weight": "700",
                                "st_excerpt_typography_content_typography_typography": "custom",
                                "st_excerpt_typography_content_typography_font_family": "Poppins",
                                "st_excerpt_typography_content_typography_font_size": {
                                    "unit": "px",
                                    "size": 15,
                                    "sizes": []
                                },
                                "st_excerpt_typography_content_typography_font_size_tablet": {
                                    "unit": "px",
                                    "size": 15,
                                    "sizes": []
                                },
                                "st_excerpt_typography_content_typography_font_size_mobile": {
                                    "unit": "px",
                                    "size": 14,
                                    "sizes": []
                                },
                                "st_excerpt_typography_content_typography_font_weight": "300",
                                "st_readmore_typography_content_typography_typography": "custom",
                                "st_readmore_typography_content_typography_font_family": "Poppins",
                                "st_readmore_typography_content_typography_font_size": {
                                    "unit": "px",
                                    "size": 15,
                                    "sizes": []
                                },
                                "st_readmore_typography_content_typography_font_size_tablet": {
                                    "unit": "px",
                                    "size": 15,
                                    "sizes": []
                                },
                                "st_readmore_typography_content_typography_font_size_mobile": {
                                    "unit": "px",
                                    "size": 14,
                                    "sizes": []
                                },
                                "st_readmore_typography_content_typography_font_weight": "500",
                                "st_readmore_typography_content_typography_letter_spacing": {
                                    "unit": "px",
                                    "size": 1,
                                    "sizes": []
                                },
                                "st_nocontent_typography_content_typography_typography": "custom",
                                "st_nocontent_typography_content_typography_font_family": "Poppins",
                                "st_nocontent_typography_content_typography_font_size": {
                                    "unit": "px",
                                    "size": 15,
                                    "sizes": []
                                },
                                "st_nocontent_typography_content_typography_font_size_tablet": {
                                    "unit": "px",
                                    "size": 15,
                                    "sizes": []
                                },
                                "st_nocontent_typography_content_typography_font_size_mobile": {
                                    "unit": "px",
                                    "size": 14,
                                    "sizes": []
                                },
                                "st_nocontent_typography_content_typography_font_weight": "300",
                                "sg_content_postblock_type": "type-2",
                                "sg_content_excerpt_length": {
                                    "unit": "px",
                                    "size": 40,
                                    "sizes": []
                                },
                                "sg_content_meta_author_enable": "",
                                "sg_content_meta_date_icon": {
                                    "value": "",
                                    "library": ""
                                },
                                "pagination_mode": "loadmore",
                                "pagination_number_post": {
                                    "unit": "px",
                                    "size": 10,
                                    "sizes": []
                                },
                                "st_post_item_gap_responsive": {
                                    "unit": "px",
                                    "size": 20,
                                    "sizes": []
                                },
                                "st_readmore_hover_border_border_width": {
                                    "unit": "px",
                                    "top": "0",
                                    "right": "0",
                                    "bottom": "0",
                                    "left": "1",
                                    "isLinked": false
                                },
                                "st_readmore_hover_border_border_color": "#000000",
                                "st_excerpt_typography_content_typography_line_height": {
                                    "unit": "em",
                                    "size": 1.5,
                                    "sizes": []
                                },
                                "st_meta_typography_content_typography_typography": "custom",
                                "st_meta_typography_content_typography_font_family": "Poppins",
                                "st_meta_typography_content_typography_font_size": {
                                    "unit": "px",
                                    "size": 15,
                                    "sizes": []
                                },
                                "st_meta_typography_content_typography_font_size_tablet": {
                                    "unit": "px",
                                    "size": 15,
                                    "sizes": []
                                },
                                "st_meta_typography_content_typography_font_size_mobile": {
                                    "unit": "px",
                                    "size": 14,
                                    "sizes": []
                                },
                                "st_meta_typography_content_typography_font_weight": "300",
                                "st_meta_color_responsive": "#838383",
                                "st_pagination_typography_content_typography_typography": "custom",
                                "st_pagination_typography_content_typography_font_family": "Poppins",
                                "st_pagination_typography_content_typography_font_size": {
                                    "unit": "px",
                                    "size": 15,
                                    "sizes": []
                                },
                                "st_pagination_typography_content_typography_font_size_tablet": {
                                    "unit": "px",
                                    "size": 15,
                                    "sizes": []
                                },
                                "st_pagination_typography_content_typography_font_size_mobile": {
                                    "unit": "px",
                                    "size": 14,
                                    "sizes": []
                                },
                                "st_pagination_typography_content_typography_font_weight": "500",
                                "st_pagination_typography_content_typography_letter_spacing": {
                                    "unit": "px",
                                    "size": 1,
                                    "sizes": []
                                },
                                "st_pagination_normal_color_responsive": "#FFFFFF",
                                "st_pagination_normal_background_background_background": "classic",
                                "st_nocontent_typography_content_typography_line_height": {
                                    "unit": "em",
                                    "size": 1.5,
                                    "sizes": []
                                },
                                "st_title_normal_typography_content_typography_line_height": {
                                    "unit": "em",
                                    "size": 1.3,
                                    "sizes": []
                                },
                                "st_meta_margin_responsive": {
                                    "unit": "px",
                                    "top": "0",
                                    "right": "0",
                                    "bottom": "0",
                                    "left": "0",
                                    "isLinked": false
                                },
                                "st_pagination_normal_background_background_color": "#000000",
                                "st_pagination_hover_color_responsive": "#000000",
                                "number_post": {
                                    "unit": "px",
                                    "size": 6,
                                    "sizes": []
                                },
                                "sg_content_column_responsive": {
                                    "unit": "px",
                                    "size": 2,
                                    "sizes": []
                                },
                                "sg_content_excerpt_enable": "",
                                "st_post_item_padding_responsive_mobile": {
                                    "unit": "px",
                                    "top": "0",
                                    "right": "0",
                                    "bottom": "0",
                                    "left": "0",
                                    "isLinked": false
                                },
                                "st_readmore_icon_size_responsive": {
                                    "unit": "px",
                                    "size": 12,
                                    "sizes": []
                                },
                                "st_meta_typography_content_typography_line_height": {
                                    "unit": "em",
                                    "size": 1.5,
                                    "sizes": []
                                },
                                "st_meta_author_name_typography_content_typography_typography": "custom",
                                "st_meta_author_name_typography_content_typography_font_family": "Poppins",
                                "st_meta_author_name_typography_content_typography_font_size": {
                                    "unit": "px",
                                    "size": 15,
                                    "sizes": []
                                },
                                "st_meta_author_name_typography_content_typography_font_size_tablet": {
                                    "unit": "px",
                                    "size": 15,
                                    "sizes": []
                                },
                                "st_meta_author_name_typography_content_typography_font_size_mobile": {
                                    "unit": "px",
                                    "size": 14,
                                    "sizes": []
                                },
                                "st_meta_author_name_typography_content_typography_font_weight": "300",
                                "st_meta_author_name_typography_content_typography_line_height": {
                                    "unit": "em",
                                    "size": 1.5,
                                    "sizes": []
                                },
                                "st_meta_author_name_color_responsive": "#838383",
                                "st_pagination_hover_background_background_color": "#FCFCFC00"
                            },
                            "elements": [],
                            "isInner": false,
                            "widgetType": "jkit_post_block",
                            "elType": "widget"
                        }
                    ],
                    "isInner": false,
                    "elType": "column"
                },
                {
                    "id": "6e66017b",
                    "settings": {
                        "_column_size": 50,
                        "_inline_size": 35,
                        "animation": "fadeIn",
                        "animation_delay": 400,
                        "_inline_size_tablet": 100,
                        "padding_tablet": {
                            "unit": "px",
                            "top": "0",
                            "right": "20",
                            "bottom": "0",
                            "left": "20",
                            "isLinked": false
                        },
                        "padding_mobile": {
                            "unit": "px",
                            "top": "0",
                            "right": "20",
                            "bottom": "0",
                            "left": "20",
                            "isLinked": false
                        }
                    },
                    "elements": [
                        {
                            "id": "57329211",
                            "settings": {
                                "layout": "full_width",
                                "border_border": "solid",
                                "border_width": {
                                    "unit": "px",
                                    "top": "1",
                                    "right": "1",
                                    "bottom": "1",
                                    "left": "1",
                                    "isLinked": true
                                },
                                "margin": {
                                    "unit": "px",
                                    "top": "0",
                                    "right": 0,
                                    "bottom": "20",
                                    "left": 0,
                                    "isLinked": false
                                },
                                "padding": {
                                    "unit": "px",
                                    "top": "30",
                                    "right": "30",
                                    "bottom": "30",
                                    "left": "30",
                                    "isLinked": true
                                },
                                "__globals__": {
                                    "border_color": "",
                                    "background_color": "globals\/colors?id=primary"
                                },
                                "padding_mobile": {
                                    "unit": "px",
                                    "top": "20",
                                    "right": "20",
                                    "bottom": "20",
                                    "left": "20",
                                    "isLinked": true
                                },
                                "background_background": "classic"
                            },
                            "elements": [
                                {
                                    "id": "62b25540",
                                    "settings": {
                                        "_column_size": 100,
                                        "_inline_size": null
                                    },
                                    "elements": [
                                        {
                                            "id": "6d90c76d",
                                            "settings": {
                                                "title": "About Us",
                                                "__globals__": {
                                                    "typography_typography": "globals\/typography?id=secondary",
                                                    "title_color": ""
                                                },
                                                "header_size": "h4",
                                                "title_color": "#FFFFFF",
                                                "typography_typography": "custom",
                                                "typography_font_family": "Poppins",
                                                "typography_font_size": {
                                                    "unit": "px",
                                                    "size": 25,
                                                    "sizes": []
                                                },
                                                "typography_font_size_tablet": {
                                                    "unit": "px",
                                                    "size": 23,
                                                    "sizes": []
                                                },
                                                "typography_font_size_mobile": {
                                                    "unit": "px",
                                                    "size": 23,
                                                    "sizes": []
                                                },
                                                "typography_font_weight": "700",
                                                "typography_line_height": {
                                                    "unit": "em",
                                                    "size": 1.2,
                                                    "sizes": []
                                                }
                                            },
                                            "elements": [],
                                            "isInner": false,
                                            "widgetType": "heading",
                                            "elType": "widget"
                                        },
                                        {
                                            "id": "3ffa8f3f",
                                            "settings": {
                                                "text": "Divider",
                                                "color": "#FFFFFF29",
                                                "_margin": {
                                                    "unit": "px",
                                                    "top": "-15",
                                                    "right": "0",
                                                    "bottom": "-10",
                                                    "left": "0",
                                                    "isLinked": false
                                                }
                                            },
                                            "elements": [],
                                            "isInner": false,
                                            "widgetType": "divider",
                                            "elType": "widget"
                                        },
                                        {
                                            "id": "25c0a079",
                                            "settings": {
                                                "image": {
                                                    "url": "https:\/\/kit.juliha.com\/zitshoe\/wp-content\/uploads\/sites\/16\/2021\/06\/girl-with-bowling-shoes-CNMG9NX.jpg",
                                                    "id": 372
                                                },
                                                "image_border_radius": {
                                                    "unit": "px",
                                                    "top": "0",
                                                    "right": "0",
                                                    "bottom": "0",
                                                    "left": "0",
                                                    "isLinked": false
                                                }
                                            },
                                            "elements": [],
                                            "isInner": false,
                                            "widgetType": "image",
                                            "elType": "widget"
                                        },
                                        {
                                            "id": "50910017",
                                            "settings": {
                                                "_margin": {
                                                    "unit": "px",
                                                    "top": "0",
                                                    "right": "0",
                                                    "bottom": "0",
                                                    "left": "0",
                                                    "isLinked": false
                                                },
                                                "text_color": "#FFFFFF"
                                            },
                                            "elements": [],
                                            "isInner": false,
                                            "widgetType": "text-editor",
                                            "elType": "widget"
                                        }
                                    ],
                                    "isInner": true,
                                    "elType": "column"
                                }
                            ],
                            "isInner": true,
                            "elType": "section"
                        },
                        {
                            "id": "166440fd",
                            "settings": {
                                "layout": "full_width",
                                "border_border": "solid",
                                "border_width": {
                                    "unit": "px",
                                    "top": "1",
                                    "right": "1",
                                    "bottom": "1",
                                    "left": "1",
                                    "isLinked": true
                                },
                                "margin": {
                                    "unit": "px",
                                    "top": "0",
                                    "right": 0,
                                    "bottom": "20",
                                    "left": 0,
                                    "isLinked": false
                                },
                                "padding": {
                                    "unit": "px",
                                    "top": "30",
                                    "right": "30",
                                    "bottom": "30",
                                    "left": "30",
                                    "isLinked": true
                                },
                                "__globals__": {
                                    "border_color": "",
                                    "background_color": "globals\/colors?id=primary"
                                },
                                "padding_mobile": {
                                    "unit": "px",
                                    "top": "20",
                                    "right": "20",
                                    "bottom": "20",
                                    "left": "20",
                                    "isLinked": true
                                },
                                "background_background": "classic"
                            },
                            "elements": [
                                {
                                    "id": "61c42975",
                                    "settings": {
                                        "_column_size": 100,
                                        "_inline_size": null
                                    },
                                    "elements": [
                                        {
                                            "id": "20e14c59",
                                            "settings": {
                                                "title": "Categories",
                                                "__globals__": {
                                                    "typography_typography": "globals\/typography?id=secondary",
                                                    "title_color": ""
                                                },
                                                "header_size": "h4",
                                                "title_color": "#FFFFFF",
                                                "typography_typography": "custom",
                                                "typography_font_family": "Poppins",
                                                "typography_font_size": {
                                                    "unit": "px",
                                                    "size": 25,
                                                    "sizes": []
                                                },
                                                "typography_font_size_tablet": {
                                                    "unit": "px",
                                                    "size": 23,
                                                    "sizes": []
                                                },
                                                "typography_font_size_mobile": {
                                                    "unit": "px",
                                                    "size": 23,
                                                    "sizes": []
                                                },
                                                "typography_font_weight": "700",
                                                "typography_line_height": {
                                                    "unit": "em",
                                                    "size": 1.2,
                                                    "sizes": []
                                                }
                                            },
                                            "elements": [],
                                            "isInner": false,
                                            "widgetType": "heading",
                                            "elType": "widget"
                                        },
                                        {
                                            "id": "40d65bd3",
                                            "settings": {
                                                "text": "Divider",
                                                "color": "#FFFFFF29",
                                                "_margin": {
                                                    "unit": "px",
                                                    "top": "-15",
                                                    "right": "0",
                                                    "bottom": "-15",
                                                    "left": "0",
                                                    "isLinked": false
                                                }
                                            },
                                            "elements": [],
                                            "isInner": false,
                                            "widgetType": "divider",
                                            "elType": "widget"
                                        },
                                        {
                                            "id": "22055804",
                                            "settings": {
                                                "number_category": {
                                                    "unit": "px",
                                                    "size": 6,
                                                    "sizes": []
                                                },
                                                "sg_content_icon_enable": "",
                                                "st_content_space_between_responsive": {
                                                    "unit": "px",
                                                    "size": 20,
                                                    "sizes": []
                                                },
                                                "_margin": {
                                                    "unit": "px",
                                                    "top": "0",
                                                    "right": "0",
                                                    "bottom": "0",
                                                    "left": "0",
                                                    "isLinked": false
                                                },
                                                "__globals__": {
                                                    "st_text_color_responsive": "",
                                                    "st_text_hover_color_responsive": "globals\/colors?id=secondary",
                                                    "st_text_typography_content_typography_typography": "globals\/typography?id=text"
                                                },
                                                "st_text_color_responsive": "#FFFFFF",
                                                "st_text_hover_color_responsive": "#FCFCFC",
                                                "st_text_typography_content_typography_typography": "custom",
                                                "st_text_typography_content_typography_font_family": "Poppins",
                                                "st_text_typography_content_typography_font_size": {
                                                    "unit": "px",
                                                    "size": 15,
                                                    "sizes": []
                                                },
                                                "st_text_typography_content_typography_font_size_tablet": {
                                                    "unit": "px",
                                                    "size": 15,
                                                    "sizes": []
                                                },
                                                "st_text_typography_content_typography_font_size_mobile": {
                                                    "unit": "px",
                                                    "size": 14,
                                                    "sizes": []
                                                },
                                                "st_text_typography_content_typography_font_weight": "300",
                                                "st_text_typography_content_typography_line_height": {
                                                    "unit": "em",
                                                    "size": 1.5,
                                                    "sizes": []
                                                }
                                            },
                                            "elements": [],
                                            "isInner": false,
                                            "widgetType": "jkit_category_list",
                                            "elType": "widget"
                                        }
                                    ],
                                    "isInner": true,
                                    "elType": "column"
                                }
                            ],
                            "isInner": true,
                            "elType": "section"
                        },
                        {
                            "id": "72901b91",
                            "settings": {
                                "layout": "full_width",
                                "border_border": "solid",
                                "border_width": {
                                    "unit": "px",
                                    "top": "1",
                                    "right": "1",
                                    "bottom": "1",
                                    "left": "1",
                                    "isLinked": true
                                },
                                "margin": {
                                    "unit": "px",
                                    "top": "0",
                                    "right": 0,
                                    "bottom": "20",
                                    "left": 0,
                                    "isLinked": false
                                },
                                "padding": {
                                    "unit": "px",
                                    "top": "30",
                                    "right": "30",
                                    "bottom": "30",
                                    "left": "30",
                                    "isLinked": true
                                },
                                "__globals__": {
                                    "border_color": "",
                                    "background_color": "globals\/colors?id=primary"
                                },
                                "padding_mobile": {
                                    "unit": "px",
                                    "top": "20",
                                    "right": "20",
                                    "bottom": "20",
                                    "left": "20",
                                    "isLinked": true
                                },
                                "background_background": "classic"
                            },
                            "elements": [
                                {
                                    "id": "5ab3b816",
                                    "settings": {
                                        "_column_size": 100,
                                        "_inline_size": null
                                    },
                                    "elements": [
                                        {
                                            "id": "32934964",
                                            "settings": {
                                                "title": "Recent Post",
                                                "__globals__": {
                                                    "typography_typography": "globals\/typography?id=secondary",
                                                    "title_color": ""
                                                },
                                                "header_size": "h4",
                                                "title_color": "#FFFFFF",
                                                "typography_typography": "custom",
                                                "typography_font_family": "Poppins",
                                                "typography_font_size": {
                                                    "unit": "px",
                                                    "size": 25,
                                                    "sizes": []
                                                },
                                                "typography_font_size_tablet": {
                                                    "unit": "px",
                                                    "size": 23,
                                                    "sizes": []
                                                },
                                                "typography_font_size_mobile": {
                                                    "unit": "px",
                                                    "size": 23,
                                                    "sizes": []
                                                },
                                                "typography_font_weight": "700",
                                                "typography_line_height": {
                                                    "unit": "em",
                                                    "size": 1.2,
                                                    "sizes": []
                                                }
                                            },
                                            "elements": [],
                                            "isInner": false,
                                            "widgetType": "heading",
                                            "elType": "widget"
                                        },
                                        {
                                            "id": "4ab40f42",
                                            "settings": {
                                                "text": "Divider",
                                                "color": "#FFFFFF29",
                                                "_margin": {
                                                    "unit": "px",
                                                    "top": "-15",
                                                    "right": "0",
                                                    "bottom": "-15",
                                                    "left": "0",
                                                    "isLinked": false
                                                }
                                            },
                                            "elements": [],
                                            "isInner": false,
                                            "widgetType": "divider",
                                            "elType": "widget"
                                        },
                                        {
                                            "id": "1c15d173",
                                            "settings": {
                                                "sg_content_image_enable": "yes",
                                                "sg_content_icon_enable": "",
                                                "sg_content_meta_date_format_custom": "F j, Y",
                                                "pagination_loadmore_text": "Load More",
                                                "pagination_loading_text": "Loading...",
                                                "st_content_width_responsive": {
                                                    "unit": "px",
                                                    "size": 370,
                                                    "sizes": []
                                                },
                                                "st_content_width_responsive_tablet": {
                                                    "unit": "px",
                                                    "size": 500,
                                                    "sizes": []
                                                },
                                                "st_content_width_responsive_mobile": {
                                                    "unit": "px",
                                                    "size": 245,
                                                    "sizes": []
                                                },
                                                "sg_image_width_responsive": {
                                                    "unit": "px",
                                                    "size": 120,
                                                    "sizes": []
                                                },
                                                "sg_image_width_responsive_mobile": {
                                                    "unit": "px",
                                                    "size": 95,
                                                    "sizes": []
                                                },
                                                "st_nocontent_text": "No Content Available",
                                                "_margin": {
                                                    "unit": "px",
                                                    "top": "0",
                                                    "right": "0",
                                                    "bottom": "0",
                                                    "left": "0",
                                                    "isLinked": false
                                                },
                                                "__globals__": {
                                                    "st_title_typography_content_typography_typography": "globals\/typography?id=text",
                                                    "st_title_color_responsive": "",
                                                    "st_nocontent_typography_content_typography_typography": "globals\/typography?id=text",
                                                    "st_title_hover_color_responsive": "globals\/colors?id=secondary"
                                                },
                                                "st_content_padding_responsive_mobile": {
                                                    "unit": "px",
                                                    "top": "0",
                                                    "right": "0",
                                                    "bottom": "10",
                                                    "left": "0",
                                                    "isLinked": false
                                                },
                                                "st_title_color_responsive": "#FFFFFF",
                                                "st_title_typography_content_typography_typography": "custom",
                                                "st_title_typography_content_typography_font_family": "Poppins",
                                                "st_title_typography_content_typography_font_size": {
                                                    "unit": "px",
                                                    "size": 15,
                                                    "sizes": []
                                                },
                                                "st_title_typography_content_typography_font_size_tablet": {
                                                    "unit": "px",
                                                    "size": 15,
                                                    "sizes": []
                                                },
                                                "st_title_typography_content_typography_font_size_mobile": {
                                                    "unit": "px",
                                                    "size": 14,
                                                    "sizes": []
                                                },
                                                "st_title_typography_content_typography_font_weight": "300",
                                                "st_title_typography_content_typography_line_height": {
                                                    "unit": "em",
                                                    "size": 1.5,
                                                    "sizes": []
                                                },
                                                "st_nocontent_typography_content_typography_typography": "custom",
                                                "st_nocontent_typography_content_typography_font_family": "Poppins",
                                                "st_nocontent_typography_content_typography_font_size": {
                                                    "unit": "px",
                                                    "size": 15,
                                                    "sizes": []
                                                },
                                                "st_nocontent_typography_content_typography_font_size_tablet": {
                                                    "unit": "px",
                                                    "size": 15,
                                                    "sizes": []
                                                },
                                                "st_nocontent_typography_content_typography_font_size_mobile": {
                                                    "unit": "px",
                                                    "size": 14,
                                                    "sizes": []
                                                },
                                                "st_nocontent_typography_content_typography_font_weight": "300",
                                                "st_nocontent_typography_content_typography_line_height": {
                                                    "unit": "em",
                                                    "size": 1.5,
                                                    "sizes": []
                                                }
                                            },
                                            "elements": [],
                                            "isInner": false,
                                            "widgetType": "jkit_post_list",
                                            "elType": "widget"
                                        }
                                    ],
                                    "isInner": true,
                                    "elType": "column"
                                }
                            ],
                            "isInner": true,
                            "elType": "section"
                        },
                        {
                            "id": "3caec006",
                            "settings": {
                                "layout": "full_width",
                                "border_border": "solid",
                                "border_width": {
                                    "unit": "px",
                                    "top": "1",
                                    "right": "1",
                                    "bottom": "1",
                                    "left": "1",
                                    "isLinked": true
                                },
                                "margin": {
                                    "unit": "px",
                                    "top": "0",
                                    "right": 0,
                                    "bottom": "0",
                                    "left": 0,
                                    "isLinked": false
                                },
                                "padding": {
                                    "unit": "px",
                                    "top": "30",
                                    "right": "30",
                                    "bottom": "30",
                                    "left": "30",
                                    "isLinked": true
                                },
                                "__globals__": {
                                    "border_color": "",
                                    "background_color": "globals\/colors?id=primary"
                                },
                                "padding_mobile": {
                                    "unit": "px",
                                    "top": "20",
                                    "right": "20",
                                    "bottom": "20",
                                    "left": "20",
                                    "isLinked": true
                                },
                                "background_background": "classic"
                            },
                            "elements": [
                                {
                                    "id": "3ef2c0b4",
                                    "settings": {
                                        "_column_size": 100,
                                        "_inline_size": null
                                    },
                                    "elements": [
                                        {
                                            "id": "4010afd4",
                                            "settings": {
                                                "title": "Follow Us",
                                                "__globals__": {
                                                    "typography_typography": "globals\/typography?id=secondary",
                                                    "title_color": ""
                                                },
                                                "header_size": "h4",
                                                "title_color": "#FFFFFF",
                                                "typography_typography": "custom",
                                                "typography_font_family": "Poppins",
                                                "typography_font_size": {
                                                    "unit": "px",
                                                    "size": 25,
                                                    "sizes": []
                                                },
                                                "typography_font_size_tablet": {
                                                    "unit": "px",
                                                    "size": 23,
                                                    "sizes": []
                                                },
                                                "typography_font_size_mobile": {
                                                    "unit": "px",
                                                    "size": 23,
                                                    "sizes": []
                                                },
                                                "typography_font_weight": "700",
                                                "typography_line_height": {
                                                    "unit": "em",
                                                    "size": 1.2,
                                                    "sizes": []
                                                }
                                            },
                                            "elements": [],
                                            "isInner": false,
                                            "widgetType": "heading",
                                            "elType": "widget"
                                        },
                                        {
                                            "id": "215a2b2f",
                                            "settings": {
                                                "text": "Divider",
                                                "color": "#FFFFFF29",
                                                "_margin": {
                                                    "unit": "px",
                                                    "top": "-15",
                                                    "right": "0",
                                                    "bottom": "-15",
                                                    "left": "0",
                                                    "isLinked": false
                                                }
                                            },
                                            "elements": [],
                                            "isInner": false,
                                            "widgetType": "divider",
                                            "elType": "widget"
                                        },
                                        {
                                            "id": "4a574e4",
                                            "settings": {
                                                "social_icon_list": [
                                                    {
                                                        "social_icon": {
                                                            "value": "fab fa-facebook",
                                                            "library": "fa-brands"
                                                        },
                                                        "_id": "0d8d211"
                                                    },
                                                    {
                                                        "social_icon": {
                                                            "value": "fab fa-twitter",
                                                            "library": "fa-brands"
                                                        },
                                                        "_id": "1d393ec"
                                                    },
                                                    {
                                                        "social_icon": {
                                                            "value": "fab fa-youtube",
                                                            "library": "fa-brands"
                                                        },
                                                        "_id": "e114c7e"
                                                    },
                                                    {
                                                        "_id": "8fa77b3",
                                                        "social_icon": {
                                                            "value": "fab fa-pinterest",
                                                            "library": "fa-brands"
                                                        }
                                                    }
                                                ],
                                                "align": "left",
                                                "icon_color": "custom",
                                                "icon_primary_color": "#00000000",
                                                "icon_size": {
                                                    "unit": "px",
                                                    "size": 20,
                                                    "sizes": []
                                                },
                                                "icon_padding": {
                                                    "unit": "em",
                                                    "size": 0,
                                                    "sizes": []
                                                },
                                                "icon_spacing": {
                                                    "unit": "px",
                                                    "size": 35,
                                                    "sizes": []
                                                },
                                                "_margin": {
                                                    "unit": "px",
                                                    "top": "0",
                                                    "right": "0",
                                                    "bottom": "0",
                                                    "left": "0",
                                                    "isLinked": false
                                                },
                                                "__globals__": {
                                                    "icon_primary_color": "",
                                                    "icon_secondary_color": "",
                                                    "hover_primary_color": "",
                                                    "hover_secondary_color": "globals\/colors?id=secondary"
                                                },
                                                "icon_secondary_color": "#FFFFFF",
                                                "hover_primary_color": "#FF7D0300",
                                                "hover_animation": "float"
                                            },
                                            "elements": [],
                                            "isInner": false,
                                            "widgetType": "social-icons",
                                            "elType": "widget"
                                        }
                                    ],
                                    "isInner": true,
                                    "elType": "column"
                                }
                            ],
                            "isInner": true,
                            "elType": "section"
                        }
                    ],
                    "isInner": false,
                    "elType": "column"
                }
            ],
            "isInner": false,
            "elType": "section"
        }
    ],
    "page_settings": {
        "hide_title": "yes",
        "template": "elementor_canvas"
    }
}