{
    "version": "0.4",
    "title": "Contact",
    "type": "page",
    "metadata": {
        "template_type": "single-page",
        "include_in_zip": "1",
        "elementor_pro_required": null,
        "wp_page_template": "elementor_canvas"
    },
    "content": [
        {
            "id": "1e9430c7",
            "settings": {
                "content_width": {
                    "unit": "px",
                    "size": 1300,
                    "sizes": []
                },
                "background_background": "classic",
                "background_image": {
                    "url": "https:\/\/kit.juliha.com\/zitshoe\/wp-content\/uploads\/sites\/16\/2021\/06\/vans-on-the-orange-carpet-DZ4PC65.jpg",
                    "id": 664
                },
                "background_position": "center center",
                "background_size": "cover",
                "background_overlay_background": "classic",
                "background_overlay_color": "#FFFFFF",
                "margin": {
                    "unit": "px",
                    "top": "0",
                    "right": 0,
                    "bottom": "0",
                    "left": 0,
                    "isLinked": false
                },
                "padding": {
                    "unit": "px",
                    "top": "200",
                    "right": "0",
                    "bottom": "115",
                    "left": "0",
                    "isLinked": false
                },
                "padding_tablet": {
                    "unit": "px",
                    "top": "150",
                    "right": "0",
                    "bottom": "85",
                    "left": "0",
                    "isLinked": false
                },
                "padding_mobile": {
                    "unit": "px",
                    "top": "120",
                    "right": "0",
                    "bottom": "70",
                    "left": "0",
                    "isLinked": false
                },
                "__globals__": {
                    "background_overlay_color": ""
                }
            },
            "elements": [
                {
                    "id": "385a6792",
                    "settings": {
                        "_column_size": 100,
                        "_inline_size": null
                    },
                    "elements": [
                        {
                            "id": "5ea54519",
                            "settings": {
                                "title": "Contact Us",
                                "align": "center",
                                "_animation": "fadeIn",
                                "_margin": {
                                    "unit": "px",
                                    "top": "0",
                                    "right": "0",
                                    "bottom": "-10",
                                    "left": "0",
                                    "isLinked": false
                                },
                                "_margin_tablet": {
                                    "unit": "px",
                                    "top": "0",
                                    "right": "0",
                                    "bottom": "-20",
                                    "left": "0",
                                    "isLinked": false
                                }
                            },
                            "elements": [],
                            "isInner": false,
                            "widgetType": "heading",
                            "elType": "widget"
                        },
                        {
                            "id": "5315cb1",
                            "settings": {
                                "structure": "20",
                                "animation": "fadeIn",
                                "animation_delay": 200
                            },
                            "elements": [
                                {
                                    "id": "61f57bb8",
                                    "settings": {
                                        "_column_size": 50,
                                        "_inline_size": 48.5,
                                        "_inline_size_tablet": 48,
                                        "_inline_size_mobile": 46,
                                        "content_position": "center"
                                    },
                                    "elements": [
                                        {
                                            "id": "3fe4160f",
                                            "settings": {
                                                "title": "Home",
                                                "link": {
                                                    "url": "#",
                                                    "is_external": "",
                                                    "nofollow": "",
                                                    "custom_attributes": ""
                                                },
                                                "header_size": "h5",
                                                "align": "right",
                                                "__globals__": {
                                                    "typography_typography": "globals\/typography?id=text",
                                                    "title_color": "globals\/colors?id=text"
                                                }
                                            },
                                            "elements": [],
                                            "isInner": false,
                                            "widgetType": "heading",
                                            "elType": "widget"
                                        }
                                    ],
                                    "isInner": true,
                                    "elType": "column"
                                },
                                {
                                    "id": "3344183f",
                                    "settings": {
                                        "_column_size": 50,
                                        "_inline_size": 51.5,
                                        "_inline_size_tablet": 52,
                                        "_inline_size_mobile": 54,
                                        "content_position": "center"
                                    },
                                    "elements": [
                                        {
                                            "id": "2ec539f8",
                                            "settings": {
                                                "ekit_headerinfo_group": [
                                                    {
                                                        "ekit_headerinfo_text": "Contact",
                                                        "_id": "a7b3e0e",
                                                        "ekit_headerinfo_icons": {
                                                            "value": "fas fa-circle",
                                                            "library": "fa-solid"
                                                        }
                                                    }
                                                ],
                                                "ekit_info_item_margin": {
                                                    "unit": "px",
                                                    "top": "0",
                                                    "right": "0",
                                                    "bottom": "0",
                                                    "left": "0",
                                                    "isLinked": false
                                                },
                                                "ekit_info_item_padding": {
                                                    "unit": "px",
                                                    "top": "0",
                                                    "right": "0",
                                                    "bottom": "0",
                                                    "left": "0",
                                                    "isLinked": false
                                                },
                                                "ekit_simple_tab_title_icon_size": {
                                                    "unit": "px",
                                                    "size": 10,
                                                    "sizes": []
                                                },
                                                "ekit_info_icon_spacing": {
                                                    "unit": "px",
                                                    "size": 15,
                                                    "sizes": []
                                                },
                                                "_margin": {
                                                    "unit": "px",
                                                    "top": "0",
                                                    "right": "0",
                                                    "bottom": "-2",
                                                    "left": "0",
                                                    "isLinked": false
                                                },
                                                "__globals__": {
                                                    "elementskit_content_typography_typography": "globals\/typography?id=accent",
                                                    "ekit_info_text_color": "globals\/colors?id=primary",
                                                    "ekit_info_icon_color": "globals\/colors?id=secondary"
                                                }
                                            },
                                            "elements": [],
                                            "isInner": false,
                                            "widgetType": "elementskit-header-info",
                                            "elType": "widget"
                                        }
                                    ],
                                    "isInner": true,
                                    "elType": "column"
                                }
                            ],
                            "isInner": true,
                            "elType": "section"
                        }
                    ],
                    "isInner": false,
                    "elType": "column"
                }
            ],
            "isInner": false,
            "elType": "section"
        },
        {
            "id": "29b8adf9",
            "settings": {
                "content_width": {
                    "unit": "px",
                    "size": 1300,
                    "sizes": []
                },
                "padding": {
                    "unit": "px",
                    "top": "100",
                    "right": "0",
                    "bottom": "100",
                    "left": "0",
                    "isLinked": false
                },
                "padding_tablet": {
                    "unit": "px",
                    "top": "70",
                    "right": "10",
                    "bottom": "70",
                    "left": "10",
                    "isLinked": false
                },
                "padding_mobile": {
                    "unit": "px",
                    "top": "50",
                    "right": "10",
                    "bottom": "50",
                    "left": "10",
                    "isLinked": false
                }
            },
            "elements": [
                {
                    "id": "55a8d359",
                    "settings": {
                        "_column_size": 100,
                        "_inline_size": null
                    },
                    "elements": [
                        {
                            "id": "7590fe06",
                            "settings": {
                                "editor": "<p>CONTACT<\/p>",
                                "align": "center",
                                "text_color": "#FF7D03",
                                "_margin": {
                                    "unit": "px",
                                    "top": "0",
                                    "right": "0",
                                    "bottom": "-20",
                                    "left": "0",
                                    "isLinked": false
                                },
                                "__globals__": {
                                    "typography_typography": "globals\/typography?id=41965fa"
                                },
                                "align_mobile": "center",
                                "align_tablet": "center",
                                "_animation": "fadeIn"
                            },
                            "elements": [],
                            "isInner": false,
                            "widgetType": "text-editor",
                            "elType": "widget"
                        },
                        {
                            "id": "506b467b",
                            "settings": {
                                "title": "Get in touch with us",
                                "align": "center",
                                "title_color": "#000000",
                                "_margin": {
                                    "unit": "px",
                                    "top": "0",
                                    "right": "0",
                                    "bottom": "50",
                                    "left": "0",
                                    "isLinked": false
                                },
                                "__globals__": {
                                    "typography_typography": "globals\/typography?id=primary"
                                },
                                "align_mobile": "center",
                                "_margin_mobile": {
                                    "unit": "px",
                                    "top": "0",
                                    "right": "0",
                                    "bottom": "50",
                                    "left": "0",
                                    "isLinked": false
                                },
                                "align_tablet": "center",
                                "_animation": "fadeIn",
                                "_animation_delay": 200
                            },
                            "elements": [],
                            "isInner": false,
                            "widgetType": "heading",
                            "elType": "widget"
                        },
                        {
                            "id": "48cbdcb4",
                            "settings": {
                                "layout": "full_width",
                                "structure": "30",
                                "margin": {
                                    "unit": "px",
                                    "top": "0",
                                    "right": 0,
                                    "bottom": "50",
                                    "left": 0,
                                    "isLinked": false
                                }
                            },
                            "elements": [
                                {
                                    "id": "4c764dc3",
                                    "settings": {
                                        "_column_size": 33,
                                        "_inline_size": null,
                                        "border_border": "solid",
                                        "border_width": {
                                            "unit": "px",
                                            "top": "0",
                                            "right": "2",
                                            "bottom": "0",
                                            "left": "0",
                                            "isLinked": false
                                        },
                                        "border_width_mobile": {
                                            "unit": "px",
                                            "top": "0",
                                            "right": "0",
                                            "bottom": "2",
                                            "left": "0",
                                            "isLinked": false
                                        },
                                        "border_color": "#EFEFEF",
                                        "margin_mobile": {
                                            "unit": "px",
                                            "top": "0",
                                            "right": "0",
                                            "bottom": "30",
                                            "left": "0",
                                            "isLinked": false
                                        },
                                        "padding_mobile": {
                                            "unit": "px",
                                            "top": "0",
                                            "right": "0",
                                            "bottom": "30",
                                            "left": "0",
                                            "isLinked": false
                                        },
                                        "animation": "fadeIn",
                                        "animation_delay": 200
                                    },
                                    "elements": [
                                        {
                                            "id": "2513e89f",
                                            "settings": {
                                                "selected_icon": {
                                                    "value": "jki jki-map-pin-line",
                                                    "library": "jkiticon"
                                                },
                                                "__globals__": {
                                                    "primary_color": "globals\/colors?id=secondary"
                                                }
                                            },
                                            "elements": [],
                                            "isInner": false,
                                            "widgetType": "icon",
                                            "elType": "widget"
                                        },
                                        {
                                            "id": "1c9c1049",
                                            "settings": {
                                                "title": "Address",
                                                "header_size": "h3",
                                                "align": "center",
                                                "__globals__": {
                                                    "typography_typography": "globals\/typography?id=secondary"
                                                }
                                            },
                                            "elements": [],
                                            "isInner": false,
                                            "widgetType": "heading",
                                            "elType": "widget"
                                        },
                                        {
                                            "id": "3b0c64b4",
                                            "settings": {
                                                "editor": "<p>732 Despard St, Atlanta<\/p>",
                                                "align": "center",
                                                "_margin": {
                                                    "unit": "px",
                                                    "top": "0",
                                                    "right": "0",
                                                    "bottom": "-20",
                                                    "left": "0",
                                                    "isLinked": false
                                                }
                                            },
                                            "elements": [],
                                            "isInner": false,
                                            "widgetType": "text-editor",
                                            "elType": "widget"
                                        },
                                        {
                                            "id": "5a149798",
                                            "settings": {
                                                "editor": "<p>2923 Willow Greene Drive<\/p>",
                                                "align": "center",
                                                "_margin": {
                                                    "unit": "px",
                                                    "top": "-5",
                                                    "right": "0",
                                                    "bottom": "0",
                                                    "left": "0",
                                                    "isLinked": false
                                                }
                                            },
                                            "elements": [],
                                            "isInner": false,
                                            "widgetType": "text-editor",
                                            "elType": "widget"
                                        }
                                    ],
                                    "isInner": true,
                                    "elType": "column"
                                },
                                {
                                    "id": "35f590d1",
                                    "settings": {
                                        "_column_size": 33,
                                        "_inline_size": null,
                                        "border_border": "solid",
                                        "border_width": {
                                            "unit": "px",
                                            "top": "0",
                                            "right": "2",
                                            "bottom": "0",
                                            "left": "0",
                                            "isLinked": false
                                        },
                                        "border_width_mobile": {
                                            "unit": "px",
                                            "top": "0",
                                            "right": "0",
                                            "bottom": "2",
                                            "left": "0",
                                            "isLinked": false
                                        },
                                        "border_color": "#EFEFEF",
                                        "margin_mobile": {
                                            "unit": "px",
                                            "top": "0",
                                            "right": "0",
                                            "bottom": "30",
                                            "left": "0",
                                            "isLinked": false
                                        },
                                        "padding_mobile": {
                                            "unit": "px",
                                            "top": "0",
                                            "right": "0",
                                            "bottom": "30",
                                            "left": "0",
                                            "isLinked": false
                                        },
                                        "animation": "fadeIn",
                                        "animation_delay": 400
                                    },
                                    "elements": [
                                        {
                                            "id": "7b751748",
                                            "settings": {
                                                "selected_icon": {
                                                    "value": "jki jki-phone-line",
                                                    "library": "jkiticon"
                                                },
                                                "__globals__": {
                                                    "primary_color": "globals\/colors?id=secondary"
                                                }
                                            },
                                            "elements": [],
                                            "isInner": false,
                                            "widgetType": "icon",
                                            "elType": "widget"
                                        },
                                        {
                                            "id": "76e28254",
                                            "settings": {
                                                "title": "Phone",
                                                "header_size": "h3",
                                                "align": "center",
                                                "__globals__": {
                                                    "typography_typography": "globals\/typography?id=secondary"
                                                }
                                            },
                                            "elements": [],
                                            "isInner": false,
                                            "widgetType": "heading",
                                            "elType": "widget"
                                        },
                                        {
                                            "id": "3be13b43",
                                            "settings": {
                                                "editor": "<p>+1 234 567 890<\/p>",
                                                "align": "center",
                                                "_margin": {
                                                    "unit": "px",
                                                    "top": "0",
                                                    "right": "0",
                                                    "bottom": "-20",
                                                    "left": "0",
                                                    "isLinked": false
                                                }
                                            },
                                            "elements": [],
                                            "isInner": false,
                                            "widgetType": "text-editor",
                                            "elType": "widget"
                                        },
                                        {
                                            "id": "76d57d5f",
                                            "settings": {
                                                "editor": "<p>+9 876 543 210<\/p>",
                                                "align": "center",
                                                "_margin": {
                                                    "unit": "px",
                                                    "top": "-5",
                                                    "right": "0",
                                                    "bottom": "0",
                                                    "left": "0",
                                                    "isLinked": false
                                                }
                                            },
                                            "elements": [],
                                            "isInner": false,
                                            "widgetType": "text-editor",
                                            "elType": "widget"
                                        }
                                    ],
                                    "isInner": true,
                                    "elType": "column"
                                },
                                {
                                    "id": "120c579a",
                                    "settings": {
                                        "_column_size": 33,
                                        "_inline_size": null,
                                        "border_border": "solid",
                                        "border_width": {
                                            "unit": "px",
                                            "top": "0",
                                            "right": "0",
                                            "bottom": "0",
                                            "left": "0",
                                            "isLinked": false
                                        },
                                        "border_color": "#EFEFEF",
                                        "margin_mobile": {
                                            "unit": "px",
                                            "top": "0",
                                            "right": "0",
                                            "bottom": "30",
                                            "left": "0",
                                            "isLinked": false
                                        },
                                        "padding_mobile": {
                                            "unit": "px",
                                            "top": "0",
                                            "right": "0",
                                            "bottom": "0",
                                            "left": "0",
                                            "isLinked": false
                                        },
                                        "animation": "fadeIn",
                                        "animation_delay": 600
                                    },
                                    "elements": [
                                        {
                                            "id": "14c8c55c",
                                            "settings": {
                                                "selected_icon": {
                                                    "value": "jki jki-email1-light",
                                                    "library": "jkiticon"
                                                },
                                                "__globals__": {
                                                    "primary_color": "globals\/colors?id=secondary"
                                                }
                                            },
                                            "elements": [],
                                            "isInner": false,
                                            "widgetType": "icon",
                                            "elType": "widget"
                                        },
                                        {
                                            "id": "268fa962",
                                            "settings": {
                                                "title": "Email",
                                                "header_size": "h3",
                                                "align": "center",
                                                "__globals__": {
                                                    "typography_typography": "globals\/typography?id=secondary"
                                                }
                                            },
                                            "elements": [],
                                            "isInner": false,
                                            "widgetType": "heading",
                                            "elType": "widget"
                                        },
                                        {
                                            "id": "65db5492",
                                            "settings": {
                                                "editor": "<p>anymail@mail.com<\/p>",
                                                "align": "center",
                                                "_margin": {
                                                    "unit": "px",
                                                    "top": "0",
                                                    "right": "0",
                                                    "bottom": "-20",
                                                    "left": "0",
                                                    "isLinked": false
                                                }
                                            },
                                            "elements": [],
                                            "isInner": false,
                                            "widgetType": "text-editor",
                                            "elType": "widget"
                                        },
                                        {
                                            "id": "4364401e",
                                            "settings": {
                                                "editor": "<p>anymail@mail.com<\/p>",
                                                "align": "center",
                                                "_margin": {
                                                    "unit": "px",
                                                    "top": "-5",
                                                    "right": "0",
                                                    "bottom": "0",
                                                    "left": "0",
                                                    "isLinked": false
                                                }
                                            },
                                            "elements": [],
                                            "isInner": false,
                                            "widgetType": "text-editor",
                                            "elType": "widget"
                                        }
                                    ],
                                    "isInner": true,
                                    "elType": "column"
                                }
                            ],
                            "isInner": true,
                            "elType": "section"
                        },
                        {
                            "id": "2316a028",
                            "settings": {
                                "editor": "<p>Have a question? Please don't hesitate to send us a message<\/p>",
                                "_margin": {
                                    "unit": "px",
                                    "top": "0",
                                    "right": "0",
                                    "bottom": "40",
                                    "left": "0",
                                    "isLinked": false
                                },
                                "__globals__": {
                                    "typography_typography": "globals\/typography?id=1950994",
                                    "text_color": "globals\/colors?id=primary"
                                },
                                "align_mobile": "center",
                                "align": "center",
                                "align_tablet": "center",
                                "_margin_tablet": {
                                    "unit": "px",
                                    "top": "0",
                                    "right": "80",
                                    "bottom": "0",
                                    "left": "80",
                                    "isLinked": false
                                },
                                "_margin_mobile": {
                                    "unit": "px",
                                    "top": "0",
                                    "right": "0",
                                    "bottom": "0",
                                    "left": "0",
                                    "isLinked": false
                                },
                                "_animation": "fadeIn"
                            },
                            "elements": [],
                            "isInner": false,
                            "widgetType": "text-editor",
                            "elType": "widget"
                        },
                        {
                            "id": "251a35a",
                            "settings": {
                                "ekit_wpform_form_id": "19",
                                "ekit_wpForms_field_bg_color": "#02010100",
                                "ekit_wpForms_field_border_border": "solid",
                                "ekit_wpForms_field_border_width": {
                                    "unit": "px",
                                    "top": "1",
                                    "right": "1",
                                    "bottom": "1",
                                    "left": "1",
                                    "isLinked": true
                                },
                                "ekit_wpForms_field_radius": {
                                    "unit": "px",
                                    "top": "0",
                                    "right": "0",
                                    "bottom": "0",
                                    "left": "0",
                                    "isLinked": false
                                },
                                "ekit_wpForms_field_padding": {
                                    "unit": "px",
                                    "top": "15",
                                    "right": "20",
                                    "bottom": "15",
                                    "left": "20",
                                    "isLinked": false
                                },
                                "ekit_wpForms_button_align_mobile": "center",
                                "ekit_wpForms_button_border_normal_border": "solid",
                                "ekit_wpForms_button_border_normal_width": {
                                    "unit": "px",
                                    "top": "1",
                                    "right": "1",
                                    "bottom": "1",
                                    "left": "1",
                                    "isLinked": true
                                },
                                "ekit_wpForms_button_padding": {
                                    "unit": "px",
                                    "top": "15",
                                    "right": "30",
                                    "bottom": "15",
                                    "left": "30",
                                    "isLinked": false
                                },
                                "_margin": {
                                    "unit": "px",
                                    "top": "-10",
                                    "right": "200",
                                    "bottom": "60",
                                    "left": "200",
                                    "isLinked": false
                                },
                                "__globals__": {
                                    "ekit_wpForms_typography_label_typography": "globals\/typography?id=accent",
                                    "ekit_wpForms_field_text_color": "globals\/colors?id=text",
                                    "ekit_wpForms_field_border_color": "globals\/colors?id=primary",
                                    "ekit_wpForms_field_description_typography_typography": "globals\/typography?id=text",
                                    "ekit_wpForms_field_typography_typography": "globals\/typography?id=text",
                                    "ekit_wpForms_text_color_placeholder": "",
                                    "ekit_wpForms_focus_input_border_color": "",
                                    "ekit_wpForms_button_typography_typography": "globals\/typography?id=accent",
                                    "ekit_wpForms_button_bg_color_normal": "globals\/colors?id=primary",
                                    "ekit_wpForms_button_text_color_normal": "",
                                    "ekit_wpForms_button_border_normal_color": "globals\/colors?id=primary",
                                    "ekit_wpForms_button_text_color_hover": "globals\/colors?id=primary",
                                    "ekit_wpForms_button_border_color_hover": "globals\/colors?id=primary",
                                    "ekit_wpForms_text_color_label": "globals\/colors?id=primary",
                                    "ekit_wpForms_field_description_text_color": "globals\/colors?id=text",
                                    "ekit_wpForms_button_bg_color_hover": ""
                                },
                                "ekit_wpForms_typography_label_typography": "custom",
                                "ekit_wpForms_typography_label_font_family": "Poppins",
                                "ekit_wpForms_typography_label_font_size": {
                                    "unit": "px",
                                    "size": 15,
                                    "sizes": []
                                },
                                "ekit_wpForms_typography_label_font_size_tablet": {
                                    "unit": "px",
                                    "size": 15,
                                    "sizes": []
                                },
                                "ekit_wpForms_typography_label_font_size_mobile": {
                                    "unit": "px",
                                    "size": 14,
                                    "sizes": []
                                },
                                "ekit_wpForms_typography_label_font_weight": "500",
                                "ekit_wpForms_field_text_color": "#4F4F4F",
                                "ekit_wpForms_field_border_color": "#000000",
                                "ekit_wpForms_field_description_typography_typography": "custom",
                                "ekit_wpForms_field_description_typography_font_family": "Poppins",
                                "ekit_wpForms_field_description_typography_font_size": {
                                    "unit": "px",
                                    "size": 15,
                                    "sizes": []
                                },
                                "ekit_wpForms_field_description_typography_font_size_tablet": {
                                    "unit": "px",
                                    "size": 15,
                                    "sizes": []
                                },
                                "ekit_wpForms_field_description_typography_font_size_mobile": {
                                    "unit": "px",
                                    "size": 14,
                                    "sizes": []
                                },
                                "ekit_wpForms_field_description_typography_font_weight": "300",
                                "ekit_wpForms_field_description_typography_line_height": {
                                    "unit": "em",
                                    "size": 1.5,
                                    "sizes": []
                                },
                                "ekit_wpForms_field_typography_typography": "custom",
                                "ekit_wpForms_field_typography_font_family": "Poppins",
                                "ekit_wpForms_field_typography_font_size": {
                                    "unit": "px",
                                    "size": 15,
                                    "sizes": []
                                },
                                "ekit_wpForms_field_typography_font_size_tablet": {
                                    "unit": "px",
                                    "size": 15,
                                    "sizes": []
                                },
                                "ekit_wpForms_field_typography_font_size_mobile": {
                                    "unit": "px",
                                    "size": 14,
                                    "sizes": []
                                },
                                "ekit_wpForms_field_typography_font_weight": "300",
                                "ekit_wpForms_field_typography_line_height": {
                                    "unit": "em",
                                    "size": 1.5,
                                    "sizes": []
                                },
                                "ekit_wpForms_text_color_placeholder": "#959595",
                                "ekit_wpForms_button_align": "center",
                                "ekit_wpForms_button_width_mobile": {
                                    "unit": "px",
                                    "size": 195,
                                    "sizes": []
                                },
                                "ekit_wpForms_button_typography_typography": "custom",
                                "ekit_wpForms_button_typography_font_family": "Poppins",
                                "ekit_wpForms_button_typography_font_size": {
                                    "unit": "px",
                                    "size": 15,
                                    "sizes": []
                                },
                                "ekit_wpForms_button_typography_font_size_tablet": {
                                    "unit": "px",
                                    "size": 15,
                                    "sizes": []
                                },
                                "ekit_wpForms_button_typography_font_size_mobile": {
                                    "unit": "px",
                                    "size": 14,
                                    "sizes": []
                                },
                                "ekit_wpForms_button_typography_font_weight": "500",
                                "ekit_wpForms_button_bg_color_normal": "#000000",
                                "ekit_wpForms_button_text_color_normal": "#FFFFFF",
                                "ekit_wpForms_button_border_normal_color": "#FCFCFC",
                                "ekit_wpForms_button_border_radius": {
                                    "unit": "px",
                                    "top": "0",
                                    "right": "0",
                                    "bottom": "0",
                                    "left": "0",
                                    "isLinked": false
                                },
                                "_margin_tablet": {
                                    "unit": "px",
                                    "top": "0",
                                    "right": "100",
                                    "bottom": "50",
                                    "left": "100",
                                    "isLinked": false
                                },
                                "_margin_mobile": {
                                    "unit": "px",
                                    "top": "0",
                                    "right": "0",
                                    "bottom": "50",
                                    "left": "0",
                                    "isLinked": false
                                },
                                "ekit_wpForms_text_color_label": "#000000",
                                "ekit_wpForms_typography_label_letter_spacing": {
                                    "unit": "px",
                                    "size": 1,
                                    "sizes": []
                                },
                                "ekit_wpForms_input_alignment_tablet": "left",
                                "ekit_wpForms_field_description_text_color": "#4F4F4F",
                                "ekit_wpForms_button_typography_letter_spacing": {
                                    "unit": "px",
                                    "size": 1,
                                    "sizes": []
                                },
                                "ekit_wpForms_button_bg_color_hover": "#FF7D0300",
                                "_animation": "fadeIn",
                                "_animation_delay": 200
                            },
                            "elements": [],
                            "isInner": false,
                            "widgetType": "elementskit-wp-forms",
                            "elType": "widget"
                        },
                        {
                            "id": "da0a70f",
                            "settings": {
                                "title": "Connect with us",
                                "align": "center",
                                "title_color": "#000000",
                                "_margin": {
                                    "unit": "px",
                                    "top": "0",
                                    "right": "0",
                                    "bottom": "30",
                                    "left": "0",
                                    "isLinked": false
                                },
                                "__globals__": {
                                    "typography_typography": "globals\/typography?id=primary"
                                },
                                "align_mobile": "center",
                                "_margin_mobile": {
                                    "unit": "px",
                                    "top": "0",
                                    "right": "0",
                                    "bottom": "20",
                                    "left": "0",
                                    "isLinked": false
                                },
                                "align_tablet": "center",
                                "_animation": "fadeIn"
                            },
                            "elements": [],
                            "isInner": false,
                            "widgetType": "heading",
                            "elType": "widget"
                        },
                        {
                            "id": "72c577d0",
                            "settings": {
                                "social_icon_list": [
                                    {
                                        "social_icon": {
                                            "value": "fab fa-facebook",
                                            "library": "fa-brands"
                                        },
                                        "_id": "0d8d211"
                                    },
                                    {
                                        "social_icon": {
                                            "value": "fab fa-twitter",
                                            "library": "fa-brands"
                                        },
                                        "_id": "1d393ec"
                                    },
                                    {
                                        "social_icon": {
                                            "value": "fab fa-youtube",
                                            "library": "fa-brands"
                                        },
                                        "_id": "e114c7e"
                                    },
                                    {
                                        "_id": "8fa77b3",
                                        "social_icon": {
                                            "value": "fab fa-pinterest",
                                            "library": "fa-brands"
                                        }
                                    }
                                ],
                                "icon_color": "custom",
                                "icon_primary_color": "#00000000",
                                "icon_size": {
                                    "unit": "px",
                                    "size": 20,
                                    "sizes": []
                                },
                                "icon_padding": {
                                    "unit": "em",
                                    "size": 0,
                                    "sizes": []
                                },
                                "icon_spacing": {
                                    "unit": "px",
                                    "size": 35,
                                    "sizes": []
                                },
                                "_margin": {
                                    "unit": "px",
                                    "top": "0",
                                    "right": "0",
                                    "bottom": "0",
                                    "left": "0",
                                    "isLinked": false
                                },
                                "__globals__": {
                                    "icon_primary_color": "",
                                    "icon_secondary_color": "globals\/colors?id=secondary",
                                    "hover_primary_color": "",
                                    "hover_secondary_color": "globals\/colors?id=primary"
                                },
                                "hover_primary_color": "#FF7D0300",
                                "hover_animation": "float",
                                "_animation": "fadeIn",
                                "_animation_delay": 200
                            },
                            "elements": [],
                            "isInner": false,
                            "widgetType": "social-icons",
                            "elType": "widget"
                        }
                    ],
                    "isInner": false,
                    "elType": "column"
                }
            ],
            "isInner": false,
            "elType": "section"
        },
        {
            "id": "748bdcdf",
            "settings": {
                "layout": "full_width",
                "padding": {
                    "unit": "px",
                    "top": "0",
                    "right": "0",
                    "bottom": "0",
                    "left": "0",
                    "isLinked": false
                }
            },
            "elements": [
                {
                    "id": "3e65492d",
                    "settings": {
                        "_column_size": 100,
                        "_inline_size": null,
                        "padding": {
                            "unit": "px",
                            "top": "0",
                            "right": "0",
                            "bottom": "0",
                            "left": "0",
                            "isLinked": false
                        }
                    },
                    "elements": [
                        {
                            "id": "986f43d",
                            "settings": {
                                "address": "Atlanta",
                                "zoom": {
                                    "unit": "px",
                                    "size": 12,
                                    "sizes": []
                                },
                                "height": {
                                    "unit": "px",
                                    "size": 400,
                                    "sizes": []
                                },
                                "css_filters_css_filter": "custom",
                                "css_filters_saturate": {
                                    "unit": "px",
                                    "size": 0,
                                    "sizes": []
                                },
                                "_animation": "fadeIn"
                            },
                            "elements": [],
                            "isInner": false,
                            "widgetType": "google_maps",
                            "elType": "widget"
                        }
                    ],
                    "isInner": false,
                    "elType": "column"
                }
            ],
            "isInner": false,
            "elType": "section"
        }
    ],
    "page_settings": {
        "hide_title": "yes",
        "template": "elementor_canvas"
    }
}