{
    "version": "0.4",
    "title": "FAQs Page",
    "type": "page",
    "metadata": {
        "template_type": "single-page",
        "include_in_zip": "1",
        "elementor_pro_required": null,
        "wp_page_template": "elementor_canvas"
    },
    "content": [
        {
            "id": "3940fc1e",
            "settings": {
                "content_width": {
                    "unit": "px",
                    "size": 1300,
                    "sizes": []
                },
                "background_background": "classic",
                "background_image": {
                    "url": "https:\/\/kit.juliha.com\/zitshoe\/wp-content\/uploads\/sites\/16\/2021\/06\/john-vicente-jpe3TESb0dw-unsplash.jpg",
                    "id": 714
                },
                "background_position": "center center",
                "background_size": "cover",
                "background_overlay_background": "classic",
                "background_overlay_color": "#FFFFFF",
                "margin": {
                    "unit": "px",
                    "top": "0",
                    "right": 0,
                    "bottom": "0",
                    "left": 0,
                    "isLinked": false
                },
                "padding": {
                    "unit": "px",
                    "top": "200",
                    "right": "0",
                    "bottom": "115",
                    "left": "0",
                    "isLinked": false
                },
                "padding_tablet": {
                    "unit": "px",
                    "top": "150",
                    "right": "0",
                    "bottom": "85",
                    "left": "0",
                    "isLinked": false
                },
                "padding_mobile": {
                    "unit": "px",
                    "top": "120",
                    "right": "0",
                    "bottom": "70",
                    "left": "0",
                    "isLinked": false
                },
                "__globals__": {
                    "background_overlay_color": ""
                }
            },
            "elements": [
                {
                    "id": "1daaff68",
                    "settings": {
                        "_column_size": 100,
                        "_inline_size": null
                    },
                    "elements": [
                        {
                            "id": "32187576",
                            "settings": {
                                "title": "FAQs Page",
                                "align": "center",
                                "_animation": "fadeIn",
                                "_margin": {
                                    "unit": "px",
                                    "top": "0",
                                    "right": "0",
                                    "bottom": "-10",
                                    "left": "0",
                                    "isLinked": false
                                },
                                "_margin_tablet": {
                                    "unit": "px",
                                    "top": "0",
                                    "right": "0",
                                    "bottom": "-20",
                                    "left": "0",
                                    "isLinked": false
                                }
                            },
                            "elements": [],
                            "isInner": false,
                            "widgetType": "heading",
                            "elType": "widget"
                        },
                        {
                            "id": "5ac62f07",
                            "settings": {
                                "structure": "20",
                                "animation": "fadeIn",
                                "animation_delay": 200
                            },
                            "elements": [
                                {
                                    "id": "6fb341f0",
                                    "settings": {
                                        "_column_size": 50,
                                        "_inline_size": 48.5,
                                        "_inline_size_tablet": 48,
                                        "_inline_size_mobile": 46,
                                        "content_position": "center"
                                    },
                                    "elements": [
                                        {
                                            "id": "21bcacac",
                                            "settings": {
                                                "title": "Home",
                                                "link": {
                                                    "url": "#",
                                                    "is_external": "",
                                                    "nofollow": "",
                                                    "custom_attributes": ""
                                                },
                                                "header_size": "h5",
                                                "align": "right",
                                                "__globals__": {
                                                    "typography_typography": "globals\/typography?id=text",
                                                    "title_color": "globals\/colors?id=text"
                                                }
                                            },
                                            "elements": [],
                                            "isInner": false,
                                            "widgetType": "heading",
                                            "elType": "widget"
                                        }
                                    ],
                                    "isInner": true,
                                    "elType": "column"
                                },
                                {
                                    "id": "2be2893a",
                                    "settings": {
                                        "_column_size": 50,
                                        "_inline_size": 51.5,
                                        "_inline_size_tablet": 52,
                                        "_inline_size_mobile": 54,
                                        "content_position": "center"
                                    },
                                    "elements": [
                                        {
                                            "id": "4af080b5",
                                            "settings": {
                                                "ekit_headerinfo_group": [
                                                    {
                                                        "ekit_headerinfo_text": "FAQs",
                                                        "_id": "a7b3e0e",
                                                        "ekit_headerinfo_icons": {
                                                            "value": "fas fa-circle",
                                                            "library": "fa-solid"
                                                        }
                                                    }
                                                ],
                                                "ekit_info_item_margin": {
                                                    "unit": "px",
                                                    "top": "0",
                                                    "right": "0",
                                                    "bottom": "0",
                                                    "left": "0",
                                                    "isLinked": false
                                                },
                                                "ekit_info_item_padding": {
                                                    "unit": "px",
                                                    "top": "0",
                                                    "right": "0",
                                                    "bottom": "0",
                                                    "left": "0",
                                                    "isLinked": false
                                                },
                                                "ekit_simple_tab_title_icon_size": {
                                                    "unit": "px",
                                                    "size": 10,
                                                    "sizes": []
                                                },
                                                "ekit_info_icon_spacing": {
                                                    "unit": "px",
                                                    "size": 15,
                                                    "sizes": []
                                                },
                                                "_margin": {
                                                    "unit": "px",
                                                    "top": "0",
                                                    "right": "0",
                                                    "bottom": "-2",
                                                    "left": "0",
                                                    "isLinked": false
                                                },
                                                "__globals__": {
                                                    "elementskit_content_typography_typography": "globals\/typography?id=accent",
                                                    "ekit_info_text_color": "globals\/colors?id=primary",
                                                    "ekit_info_icon_color": "globals\/colors?id=secondary"
                                                }
                                            },
                                            "elements": [],
                                            "isInner": false,
                                            "widgetType": "elementskit-header-info",
                                            "elType": "widget"
                                        }
                                    ],
                                    "isInner": true,
                                    "elType": "column"
                                }
                            ],
                            "isInner": true,
                            "elType": "section"
                        }
                    ],
                    "isInner": false,
                    "elType": "column"
                }
            ],
            "isInner": false,
            "elType": "section"
        },
        {
            "id": "2004b57e",
            "settings": {
                "content_width": {
                    "unit": "px",
                    "size": 1300,
                    "sizes": []
                },
                "structure": "20",
                "padding": {
                    "unit": "px",
                    "top": "100",
                    "right": "0",
                    "bottom": "100",
                    "left": "0",
                    "isLinked": false
                },
                "padding_mobile": {
                    "unit": "px",
                    "top": "50",
                    "right": "0",
                    "bottom": "50",
                    "left": "0",
                    "isLinked": false
                },
                "background_background": "classic",
                "__globals__": {
                    "background_color": ""
                },
                "padding_tablet": {
                    "unit": "px",
                    "top": "70",
                    "right": "0",
                    "bottom": "70",
                    "left": "0",
                    "isLinked": false
                },
                "background_color": "#FFFFFF"
            },
            "elements": [
                {
                    "id": "62e32cc7",
                    "settings": {
                        "_column_size": 50,
                        "_inline_size": 50,
                        "_inline_size_tablet": 100,
                        "margin_tablet": {
                            "unit": "px",
                            "top": "0",
                            "right": "20",
                            "bottom": "50",
                            "left": "20",
                            "isLinked": false
                        },
                        "margin_mobile": {
                            "unit": "px",
                            "top": "0",
                            "right": "10",
                            "bottom": "30",
                            "left": "10",
                            "isLinked": false
                        },
                        "animation": "fadeIn",
                        "content_position": "center",
                        "margin": {
                            "unit": "px",
                            "top": "0",
                            "right": "50",
                            "bottom": "0",
                            "left": "0",
                            "isLinked": false
                        }
                    },
                    "elements": [
                        {
                            "id": "42826054",
                            "settings": {
                                "editor": "<p>FAQS<\/p>",
                                "align": "left",
                                "text_color": "#FF7D03",
                                "_margin": {
                                    "unit": "px",
                                    "top": "0",
                                    "right": "0",
                                    "bottom": "-20",
                                    "left": "0",
                                    "isLinked": false
                                },
                                "__globals__": {
                                    "typography_typography": "globals\/typography?id=41965fa"
                                },
                                "align_mobile": "center",
                                "align_tablet": "center"
                            },
                            "elements": [],
                            "isInner": false,
                            "widgetType": "text-editor",
                            "elType": "widget"
                        },
                        {
                            "id": "3e5a2299",
                            "settings": {
                                "title": "Frequently asked question",
                                "align": "left",
                                "title_color": "#000000",
                                "_margin": {
                                    "unit": "px",
                                    "top": "0",
                                    "right": "0",
                                    "bottom": "0",
                                    "left": "0",
                                    "isLinked": false
                                },
                                "__globals__": {
                                    "typography_typography": "globals\/typography?id=primary"
                                },
                                "align_mobile": "center",
                                "_margin_mobile": {
                                    "unit": "px",
                                    "top": "0",
                                    "right": "0",
                                    "bottom": "0",
                                    "left": "0",
                                    "isLinked": false
                                },
                                "align_tablet": "center"
                            },
                            "elements": [],
                            "isInner": false,
                            "widgetType": "heading",
                            "elType": "widget"
                        },
                        {
                            "id": "330ea22c",
                            "settings": {
                                "editor": "<p>Lorem ipsum dolor sit amet, consectetur adipiscing elit. In faucibus felis ut justo viverra, ac rhoncus nisl auctor. Sed condimentum fermentum velit, sit amet tempus lorem eleifend sed.\u00a0<\/p>",
                                "_margin": {
                                    "unit": "px",
                                    "top": "0",
                                    "right": "0",
                                    "bottom": "30",
                                    "left": "0",
                                    "isLinked": false
                                },
                                "__globals__": {
                                    "typography_typography": "globals\/typography?id=text",
                                    "text_color": "globals\/colors?id=text"
                                },
                                "align_mobile": "center",
                                "align_tablet": "center",
                                "_margin_tablet": {
                                    "unit": "px",
                                    "top": "0",
                                    "right": "80",
                                    "bottom": "0",
                                    "left": "80",
                                    "isLinked": false
                                },
                                "_margin_mobile": {
                                    "unit": "px",
                                    "top": "0",
                                    "right": "0",
                                    "bottom": "0",
                                    "left": "0",
                                    "isLinked": false
                                }
                            },
                            "elements": [],
                            "isInner": false,
                            "widgetType": "text-editor",
                            "elType": "widget"
                        },
                        {
                            "id": "e218fe",
                            "settings": {
                                "ekit_wpform_form_id": "21",
                                "ekit_wpForms_field_bg_color": "#02010100",
                                "ekit_wpForms_field_border_border": "solid",
                                "ekit_wpForms_field_border_width": {
                                    "unit": "px",
                                    "top": "1",
                                    "right": "1",
                                    "bottom": "1",
                                    "left": "1",
                                    "isLinked": true
                                },
                                "ekit_wpForms_field_radius": {
                                    "unit": "px",
                                    "top": "0",
                                    "right": "0",
                                    "bottom": "0",
                                    "left": "0",
                                    "isLinked": false
                                },
                                "ekit_wpForms_field_padding": {
                                    "unit": "px",
                                    "top": "15",
                                    "right": "20",
                                    "bottom": "15",
                                    "left": "20",
                                    "isLinked": false
                                },
                                "ekit_wpForms_button_align_mobile": "center",
                                "ekit_wpForms_button_border_normal_border": "solid",
                                "ekit_wpForms_button_border_normal_width": {
                                    "unit": "px",
                                    "top": "1",
                                    "right": "1",
                                    "bottom": "1",
                                    "left": "1",
                                    "isLinked": true
                                },
                                "ekit_wpForms_button_padding": {
                                    "unit": "px",
                                    "top": "15",
                                    "right": "30",
                                    "bottom": "15",
                                    "left": "30",
                                    "isLinked": false
                                },
                                "_margin": {
                                    "unit": "px",
                                    "top": "-10",
                                    "right": "0",
                                    "bottom": "-35",
                                    "left": "0",
                                    "isLinked": false
                                },
                                "__globals__": {
                                    "ekit_wpForms_typography_label_typography": "globals\/typography?id=accent",
                                    "ekit_wpForms_field_text_color": "globals\/colors?id=text",
                                    "ekit_wpForms_field_border_color": "globals\/colors?id=primary",
                                    "ekit_wpForms_field_description_typography_typography": "globals\/typography?id=text",
                                    "ekit_wpForms_field_typography_typography": "globals\/typography?id=text",
                                    "ekit_wpForms_text_color_placeholder": "",
                                    "ekit_wpForms_focus_input_border_color": "",
                                    "ekit_wpForms_button_typography_typography": "globals\/typography?id=accent",
                                    "ekit_wpForms_button_bg_color_normal": "globals\/colors?id=primary",
                                    "ekit_wpForms_button_text_color_normal": "",
                                    "ekit_wpForms_button_border_normal_color": "globals\/colors?id=primary",
                                    "ekit_wpForms_button_text_color_hover": "globals\/colors?id=primary",
                                    "ekit_wpForms_button_border_color_hover": "globals\/colors?id=primary",
                                    "ekit_wpForms_text_color_label": "globals\/colors?id=primary",
                                    "ekit_wpForms_field_description_text_color": "globals\/colors?id=text",
                                    "ekit_wpForms_button_bg_color_hover": ""
                                },
                                "ekit_wpForms_typography_label_typography": "custom",
                                "ekit_wpForms_typography_label_font_family": "Poppins",
                                "ekit_wpForms_typography_label_font_size": {
                                    "unit": "px",
                                    "size": 15,
                                    "sizes": []
                                },
                                "ekit_wpForms_typography_label_font_size_tablet": {
                                    "unit": "px",
                                    "size": 15,
                                    "sizes": []
                                },
                                "ekit_wpForms_typography_label_font_size_mobile": {
                                    "unit": "px",
                                    "size": 14,
                                    "sizes": []
                                },
                                "ekit_wpForms_typography_label_font_weight": "500",
                                "ekit_wpForms_field_text_color": "#4F4F4F",
                                "ekit_wpForms_field_border_color": "#000000",
                                "ekit_wpForms_field_description_typography_typography": "custom",
                                "ekit_wpForms_field_description_typography_font_family": "Poppins",
                                "ekit_wpForms_field_description_typography_font_size": {
                                    "unit": "px",
                                    "size": 15,
                                    "sizes": []
                                },
                                "ekit_wpForms_field_description_typography_font_size_tablet": {
                                    "unit": "px",
                                    "size": 15,
                                    "sizes": []
                                },
                                "ekit_wpForms_field_description_typography_font_size_mobile": {
                                    "unit": "px",
                                    "size": 14,
                                    "sizes": []
                                },
                                "ekit_wpForms_field_description_typography_font_weight": "300",
                                "ekit_wpForms_field_description_typography_line_height": {
                                    "unit": "em",
                                    "size": 1.5,
                                    "sizes": []
                                },
                                "ekit_wpForms_field_typography_typography": "custom",
                                "ekit_wpForms_field_typography_font_family": "Poppins",
                                "ekit_wpForms_field_typography_font_size": {
                                    "unit": "px",
                                    "size": 15,
                                    "sizes": []
                                },
                                "ekit_wpForms_field_typography_font_size_tablet": {
                                    "unit": "px",
                                    "size": 15,
                                    "sizes": []
                                },
                                "ekit_wpForms_field_typography_font_size_mobile": {
                                    "unit": "px",
                                    "size": 14,
                                    "sizes": []
                                },
                                "ekit_wpForms_field_typography_font_weight": "300",
                                "ekit_wpForms_field_typography_line_height": {
                                    "unit": "em",
                                    "size": 1.5,
                                    "sizes": []
                                },
                                "ekit_wpForms_text_color_placeholder": "#959595",
                                "ekit_wpForms_button_align": "center",
                                "ekit_wpForms_button_width_mobile": {
                                    "unit": "px",
                                    "size": 155,
                                    "sizes": []
                                },
                                "ekit_wpForms_button_typography_typography": "custom",
                                "ekit_wpForms_button_typography_font_family": "Poppins",
                                "ekit_wpForms_button_typography_font_size": {
                                    "unit": "px",
                                    "size": 15,
                                    "sizes": []
                                },
                                "ekit_wpForms_button_typography_font_size_tablet": {
                                    "unit": "px",
                                    "size": 15,
                                    "sizes": []
                                },
                                "ekit_wpForms_button_typography_font_size_mobile": {
                                    "unit": "px",
                                    "size": 14,
                                    "sizes": []
                                },
                                "ekit_wpForms_button_typography_font_weight": "500",
                                "ekit_wpForms_button_bg_color_normal": "#000000",
                                "ekit_wpForms_button_text_color_normal": "#FFFFFF",
                                "ekit_wpForms_button_border_normal_color": "#FCFCFC",
                                "ekit_wpForms_button_border_radius": {
                                    "unit": "px",
                                    "top": "0",
                                    "right": "0",
                                    "bottom": "0",
                                    "left": "0",
                                    "isLinked": false
                                },
                                "_margin_tablet": {
                                    "unit": "px",
                                    "top": "0",
                                    "right": "100",
                                    "bottom": "0",
                                    "left": "100",
                                    "isLinked": false
                                },
                                "_margin_mobile": {
                                    "unit": "px",
                                    "top": "0",
                                    "right": "0",
                                    "bottom": "0",
                                    "left": "0",
                                    "isLinked": false
                                },
                                "ekit_wpForms_text_color_label": "#000000",
                                "ekit_wpForms_typography_label_letter_spacing": {
                                    "unit": "px",
                                    "size": 1,
                                    "sizes": []
                                },
                                "ekit_wpForms_input_alignment_tablet": "left",
                                "ekit_wpForms_field_description_text_color": "#4F4F4F",
                                "ekit_wpForms_button_typography_letter_spacing": {
                                    "unit": "px",
                                    "size": 1,
                                    "sizes": []
                                },
                                "ekit_wpForms_button_bg_color_hover": "#FF7D0300"
                            },
                            "elements": [],
                            "isInner": false,
                            "widgetType": "elementskit-wp-forms",
                            "elType": "widget"
                        }
                    ],
                    "isInner": false,
                    "elType": "column"
                },
                {
                    "id": "54f367c0",
                    "settings": {
                        "_column_size": 50,
                        "_inline_size": 50,
                        "margin": {
                            "unit": "px",
                            "top": "0",
                            "right": "0",
                            "bottom": "0",
                            "left": "0",
                            "isLinked": false
                        },
                        "content_position": "center",
                        "_inline_size_tablet": 100,
                        "margin_tablet": {
                            "unit": "px",
                            "top": "0",
                            "right": "20",
                            "bottom": "0",
                            "left": "20",
                            "isLinked": false
                        },
                        "margin_mobile": {
                            "unit": "px",
                            "top": "0",
                            "right": "10",
                            "bottom": "0",
                            "left": "10",
                            "isLinked": false
                        },
                        "animation": "fadeIn",
                        "animation_delay": 200
                    },
                    "elements": [
                        {
                            "id": "4ce07b31",
                            "settings": {
                                "sg_accordion_list": [
                                    {
                                        "sg_accordion_list_title": "How long does it take to clean a pair of shoes",
                                        "sg_accordion_list_content": "<p>Lorem ipsum dolor sit amet, consectetuer adipiscing elit. Aenean commodo ligula eget dolor. Aenean massa. Cum sociis natoque penatibus et magnis dis parturient montes.<\/p>",
                                        "_id": "60b20ef"
                                    },
                                    {
                                        "sg_accordion_list_title": "What soap do you use",
                                        "sg_accordion_list_content": "<p>Nascetur ridiculus mus. Donec quam felis, ultricies nec, pellentesque eu, pretium quis, sem. Nulla consequat massa quis enim. Donec pede justo, fringilla vel, aliquet nec, vulputate eget, arcu.<\/p>",
                                        "_id": "570ee1b"
                                    },
                                    {
                                        "sg_accordion_list_title": "Can you recolor the shoes",
                                        "sg_accordion_list_content": "<p>Nascetur ridiculus mus. Donec quam felis, ultricies nec, pellentesque eu, pretium quis, sem. Nulla consequat massa quis enim. Donec pede justo, fringilla vel, aliquet nec, vulputate eget, arcu.<\/p>",
                                        "_id": "8238d5f"
                                    },
                                    {
                                        "sg_accordion_list_title": "Can I make a membership",
                                        "sg_accordion_list_content": "<p>Nascetur ridiculus mus. Donec quam felis, ultricies nec, pellentesque eu, pretium quis, sem. Nulla consequat massa quis enim. Donec pede justo, fringilla vel, aliquet nec, vulputate eget, arcu.<\/p>",
                                        "_id": "702531d"
                                    },
                                    {
                                        "sg_accordion_list_title": "What payment methods are available",
                                        "sg_accordion_list_content": "<p>Nascetur ridiculus mus. Donec quam felis, ultricies nec, pellentesque eu, pretium quis, sem. Nulla consequat massa quis enim. Donec pede justo, fringilla vel, aliquet nec, vulputate eget, arcu.<\/p>",
                                        "_id": "ebff8b4"
                                    }
                                ],
                                "sg_accordion_open": "yes",
                                "sg_accordion_style": "shadow",
                                "st_title_open_color_responsive": "#FFFFFF",
                                "st_title_open_background_background_background": "classic",
                                "st_title_open_border_radius_responsive": {
                                    "unit": "px",
                                    "top": "0",
                                    "right": "0",
                                    "bottom": "0",
                                    "left": "0",
                                    "isLinked": false
                                },
                                "st_title_open_boxshadow_box_shadow_box_shadow_type": "yes",
                                "st_title_open_boxshadow_box_shadow_box_shadow": {
                                    "horizontal": 3,
                                    "vertical": 3,
                                    "blur": 10,
                                    "spread": 0,
                                    "color": "rgba(244.99999999999994, 210.99999999999983, 101.00000000000003, 0)"
                                },
                                "st_title_close_background_background_background": "classic",
                                "st_title_close_background_background_color": "#FFFFFF",
                                "st_title_close_border_radius_responsive": {
                                    "unit": "px",
                                    "top": "0",
                                    "right": "0",
                                    "bottom": "0",
                                    "left": "0",
                                    "isLinked": false
                                },
                                "st_title_close_boxshadow_box_shadow_box_shadow_type": "yes",
                                "st_title_close_boxshadow_box_shadow_box_shadow": {
                                    "horizontal": 1,
                                    "vertical": 1,
                                    "blur": 10,
                                    "spread": 0,
                                    "color": "rgba(244.99999999999994, 210.99999999999983, 101.00000000000003, 0)"
                                },
                                "st_description_padding_responsive": {
                                    "unit": "px",
                                    "top": "30",
                                    "right": "40",
                                    "bottom": "10",
                                    "left": "30",
                                    "isLinked": false
                                },
                                "_margin": {
                                    "unit": "px",
                                    "top": "0",
                                    "right": "0",
                                    "bottom": "0",
                                    "left": "0",
                                    "isLinked": false
                                },
                                "_margin_tablet": {
                                    "unit": "px",
                                    "top": "0",
                                    "right": "0",
                                    "bottom": "0",
                                    "left": "0",
                                    "isLinked": false
                                },
                                "_margin_mobile": {
                                    "unit": "px",
                                    "top": "0",
                                    "right": "0",
                                    "bottom": "0",
                                    "left": "0",
                                    "isLinked": false
                                },
                                "__globals__": {
                                    "st_title_typography_content_typography_typography": "globals\/typography?id=dd731a4",
                                    "st_title_open_background_background_color": "globals\/colors?id=primary",
                                    "st_title_close_color_responsive": "globals\/colors?id=text",
                                    "st_description_typography_content_typography_typography": "globals\/typography?id=text",
                                    "st_description_color_responsive": "globals\/colors?id=text",
                                    "st_title_close_border_border_color": "",
                                    "st_title_open_color_responsive": "",
                                    "st_icon_close_color_responsive": "globals\/colors?id=secondary"
                                },
                                "st_title_typography_content_typography_typography": "custom",
                                "st_title_typography_content_typography_font_family": "Poppins",
                                "st_title_typography_content_typography_font_size": {
                                    "unit": "px",
                                    "size": 17,
                                    "sizes": []
                                },
                                "st_title_typography_content_typography_font_size_tablet": {
                                    "unit": "px",
                                    "size": 17,
                                    "sizes": []
                                },
                                "st_title_typography_content_typography_font_size_mobile": {
                                    "unit": "px",
                                    "size": 16,
                                    "sizes": []
                                },
                                "st_title_typography_content_typography_font_weight": "700",
                                "st_title_open_background_background_color": "#000000",
                                "st_title_close_border_border_border": "solid",
                                "st_title_close_border_border_width": {
                                    "unit": "px",
                                    "top": "1",
                                    "right": "1",
                                    "bottom": "1",
                                    "left": "1",
                                    "isLinked": true
                                },
                                "st_title_close_border_border_color": "#F1F1F1",
                                "st_description_color_responsive": "#4F4F4F",
                                "st_description_typography_content_typography_typography": "custom",
                                "st_description_typography_content_typography_font_family": "Poppins",
                                "st_description_typography_content_typography_font_size": {
                                    "unit": "px",
                                    "size": 15,
                                    "sizes": []
                                },
                                "st_description_typography_content_typography_font_size_tablet": {
                                    "unit": "px",
                                    "size": 15,
                                    "sizes": []
                                },
                                "st_description_typography_content_typography_font_size_mobile": {
                                    "unit": "px",
                                    "size": 14,
                                    "sizes": []
                                },
                                "st_description_typography_content_typography_font_weight": "300",
                                "st_description_typography_content_typography_line_height": {
                                    "unit": "em",
                                    "size": 1.5,
                                    "sizes": []
                                },
                                "st_title_padding_responsive": {
                                    "unit": "px",
                                    "top": "20",
                                    "right": "50",
                                    "bottom": "20",
                                    "left": "30",
                                    "isLinked": false
                                }
                            },
                            "elements": [],
                            "isInner": false,
                            "widgetType": "jkit_accordion",
                            "elType": "widget"
                        }
                    ],
                    "isInner": false,
                    "elType": "column"
                }
            ],
            "isInner": false,
            "elType": "section"
        },
        {
            "id": "265f900c",
            "settings": {
                "content_width": {
                    "unit": "px",
                    "size": 1300,
                    "sizes": []
                },
                "structure": "20",
                "padding": {
                    "unit": "px",
                    "top": "100",
                    "right": "0",
                    "bottom": "100",
                    "left": "0",
                    "isLinked": false
                },
                "padding_mobile": {
                    "unit": "px",
                    "top": "50",
                    "right": "0",
                    "bottom": "50",
                    "left": "0",
                    "isLinked": false
                },
                "background_background": "classic",
                "__globals__": {
                    "background_color": "globals\/colors?id=accent"
                },
                "padding_tablet": {
                    "unit": "px",
                    "top": "70",
                    "right": "0",
                    "bottom": "70",
                    "left": "0",
                    "isLinked": false
                }
            },
            "elements": [
                {
                    "id": "44d48dc0",
                    "settings": {
                        "_column_size": 50,
                        "_inline_size": null,
                        "margin": {
                            "unit": "px",
                            "top": "0",
                            "right": "0",
                            "bottom": "0",
                            "left": "0",
                            "isLinked": false
                        },
                        "content_position": "center",
                        "_inline_size_tablet": 100,
                        "margin_tablet": {
                            "unit": "px",
                            "top": "0",
                            "right": "20",
                            "bottom": "0",
                            "left": "20",
                            "isLinked": false
                        },
                        "margin_mobile": {
                            "unit": "px",
                            "top": "0",
                            "right": "10",
                            "bottom": "0",
                            "left": "10",
                            "isLinked": false
                        },
                        "animation": "fadeIn",
                        "animation_delay": 200
                    },
                    "elements": [
                        {
                            "id": "3ad3bbd3",
                            "settings": {
                                "sg_accordion_list": [
                                    {
                                        "sg_accordion_list_title": "How long does it take to clean a pair of shoes",
                                        "sg_accordion_list_content": "<p>Lorem ipsum dolor sit amet, consectetuer adipiscing elit. Aenean commodo ligula eget dolor. Aenean massa. Cum sociis natoque penatibus et magnis dis parturient montes.<\/p>",
                                        "_id": "60b20ef"
                                    },
                                    {
                                        "sg_accordion_list_title": "What soap do you use",
                                        "sg_accordion_list_content": "<p>Nascetur ridiculus mus. Donec quam felis, ultricies nec, pellentesque eu, pretium quis, sem. Nulla consequat massa quis enim. Donec pede justo, fringilla vel, aliquet nec, vulputate eget, arcu.<\/p>",
                                        "_id": "570ee1b"
                                    },
                                    {
                                        "sg_accordion_list_title": "Can you recolor the shoes",
                                        "sg_accordion_list_content": "<p>Nascetur ridiculus mus. Donec quam felis, ultricies nec, pellentesque eu, pretium quis, sem. Nulla consequat massa quis enim. Donec pede justo, fringilla vel, aliquet nec, vulputate eget, arcu.<\/p>",
                                        "_id": "8238d5f"
                                    },
                                    {
                                        "sg_accordion_list_title": "Can I make a membership",
                                        "sg_accordion_list_content": "<p>Nascetur ridiculus mus. Donec quam felis, ultricies nec, pellentesque eu, pretium quis, sem. Nulla consequat massa quis enim. Donec pede justo, fringilla vel, aliquet nec, vulputate eget, arcu.<\/p>",
                                        "_id": "702531d"
                                    },
                                    {
                                        "sg_accordion_list_title": "What payment methods are available",
                                        "sg_accordion_list_content": "<p>Nascetur ridiculus mus. Donec quam felis, ultricies nec, pellentesque eu, pretium quis, sem. Nulla consequat massa quis enim. Donec pede justo, fringilla vel, aliquet nec, vulputate eget, arcu.<\/p>",
                                        "_id": "ebff8b4"
                                    }
                                ],
                                "sg_accordion_open": "yes",
                                "sg_accordion_style": "shadow",
                                "st_title_open_color_responsive": "#FFFFFF",
                                "st_title_open_background_background_background": "classic",
                                "st_title_open_border_radius_responsive": {
                                    "unit": "px",
                                    "top": "0",
                                    "right": "0",
                                    "bottom": "0",
                                    "left": "0",
                                    "isLinked": false
                                },
                                "st_title_open_boxshadow_box_shadow_box_shadow_type": "yes",
                                "st_title_open_boxshadow_box_shadow_box_shadow": {
                                    "horizontal": 3,
                                    "vertical": 3,
                                    "blur": 10,
                                    "spread": 0,
                                    "color": "rgba(244.99999999999994, 210.99999999999983, 101.00000000000003, 0)"
                                },
                                "st_title_close_background_background_background": "classic",
                                "st_title_close_background_background_color": "#FFFFFF",
                                "st_title_close_border_radius_responsive": {
                                    "unit": "px",
                                    "top": "0",
                                    "right": "0",
                                    "bottom": "0",
                                    "left": "0",
                                    "isLinked": false
                                },
                                "st_title_close_boxshadow_box_shadow_box_shadow_type": "yes",
                                "st_title_close_boxshadow_box_shadow_box_shadow": {
                                    "horizontal": 1,
                                    "vertical": 1,
                                    "blur": 10,
                                    "spread": 0,
                                    "color": "rgba(244.99999999999994, 210.99999999999983, 101.00000000000003, 0)"
                                },
                                "st_description_padding_responsive": {
                                    "unit": "px",
                                    "top": "30",
                                    "right": "40",
                                    "bottom": "10",
                                    "left": "30",
                                    "isLinked": false
                                },
                                "_margin": {
                                    "unit": "px",
                                    "top": "0",
                                    "right": "0",
                                    "bottom": "0",
                                    "left": "0",
                                    "isLinked": false
                                },
                                "_margin_tablet": {
                                    "unit": "px",
                                    "top": "0",
                                    "right": "0",
                                    "bottom": "0",
                                    "left": "0",
                                    "isLinked": false
                                },
                                "_margin_mobile": {
                                    "unit": "px",
                                    "top": "0",
                                    "right": "0",
                                    "bottom": "0",
                                    "left": "0",
                                    "isLinked": false
                                },
                                "__globals__": {
                                    "st_title_typography_content_typography_typography": "globals\/typography?id=dd731a4",
                                    "st_title_open_background_background_color": "globals\/colors?id=primary",
                                    "st_title_close_color_responsive": "globals\/colors?id=text",
                                    "st_description_typography_content_typography_typography": "globals\/typography?id=text",
                                    "st_description_color_responsive": "globals\/colors?id=text",
                                    "st_title_close_border_border_color": "",
                                    "st_title_open_color_responsive": "",
                                    "st_icon_close_color_responsive": "globals\/colors?id=secondary"
                                },
                                "st_title_typography_content_typography_typography": "custom",
                                "st_title_typography_content_typography_font_family": "Poppins",
                                "st_title_typography_content_typography_font_size": {
                                    "unit": "px",
                                    "size": 17,
                                    "sizes": []
                                },
                                "st_title_typography_content_typography_font_size_tablet": {
                                    "unit": "px",
                                    "size": 17,
                                    "sizes": []
                                },
                                "st_title_typography_content_typography_font_size_mobile": {
                                    "unit": "px",
                                    "size": 16,
                                    "sizes": []
                                },
                                "st_title_typography_content_typography_font_weight": "700",
                                "st_title_open_background_background_color": "#000000",
                                "st_title_close_border_border_border": "solid",
                                "st_title_close_border_border_width": {
                                    "unit": "px",
                                    "top": "1",
                                    "right": "1",
                                    "bottom": "1",
                                    "left": "1",
                                    "isLinked": true
                                },
                                "st_title_close_border_border_color": "#F1F1F1",
                                "st_description_color_responsive": "#4F4F4F",
                                "st_description_typography_content_typography_typography": "custom",
                                "st_description_typography_content_typography_font_family": "Poppins",
                                "st_description_typography_content_typography_font_size": {
                                    "unit": "px",
                                    "size": 15,
                                    "sizes": []
                                },
                                "st_description_typography_content_typography_font_size_tablet": {
                                    "unit": "px",
                                    "size": 15,
                                    "sizes": []
                                },
                                "st_description_typography_content_typography_font_size_mobile": {
                                    "unit": "px",
                                    "size": 14,
                                    "sizes": []
                                },
                                "st_description_typography_content_typography_font_weight": "300",
                                "st_description_typography_content_typography_line_height": {
                                    "unit": "em",
                                    "size": 1.5,
                                    "sizes": []
                                },
                                "st_title_padding_responsive": {
                                    "unit": "px",
                                    "top": "20",
                                    "right": "50",
                                    "bottom": "20",
                                    "left": "30",
                                    "isLinked": false
                                }
                            },
                            "elements": [],
                            "isInner": false,
                            "widgetType": "jkit_accordion",
                            "elType": "widget"
                        }
                    ],
                    "isInner": false,
                    "elType": "column"
                },
                {
                    "id": "2a46fd6",
                    "settings": {
                        "_column_size": 50,
                        "_inline_size": null,
                        "margin": {
                            "unit": "px",
                            "top": "0",
                            "right": "0",
                            "bottom": "0",
                            "left": "0",
                            "isLinked": false
                        },
                        "content_position": "center",
                        "_inline_size_tablet": 100,
                        "margin_tablet": {
                            "unit": "px",
                            "top": "0",
                            "right": "20",
                            "bottom": "0",
                            "left": "20",
                            "isLinked": false
                        },
                        "margin_mobile": {
                            "unit": "px",
                            "top": "0",
                            "right": "10",
                            "bottom": "0",
                            "left": "10",
                            "isLinked": false
                        },
                        "animation": "fadeIn",
                        "animation_delay": 200
                    },
                    "elements": [
                        {
                            "id": "616bdffc",
                            "settings": {
                                "sg_accordion_list": [
                                    {
                                        "sg_accordion_list_title": "How long does it take to clean a pair of shoes",
                                        "sg_accordion_list_content": "<p>Lorem ipsum dolor sit amet, consectetuer adipiscing elit. Aenean commodo ligula eget dolor. Aenean massa. Cum sociis natoque penatibus et magnis dis parturient montes.<\/p>",
                                        "_id": "60b20ef"
                                    },
                                    {
                                        "sg_accordion_list_title": "What soap do you use",
                                        "sg_accordion_list_content": "<p>Nascetur ridiculus mus. Donec quam felis, ultricies nec, pellentesque eu, pretium quis, sem. Nulla consequat massa quis enim. Donec pede justo, fringilla vel, aliquet nec, vulputate eget, arcu.<\/p>",
                                        "_id": "570ee1b"
                                    },
                                    {
                                        "sg_accordion_list_title": "Can you recolor the shoes",
                                        "sg_accordion_list_content": "<p>Nascetur ridiculus mus. Donec quam felis, ultricies nec, pellentesque eu, pretium quis, sem. Nulla consequat massa quis enim. Donec pede justo, fringilla vel, aliquet nec, vulputate eget, arcu.<\/p>",
                                        "_id": "8238d5f"
                                    },
                                    {
                                        "sg_accordion_list_title": "Can I make a membership",
                                        "sg_accordion_list_content": "<p>Nascetur ridiculus mus. Donec quam felis, ultricies nec, pellentesque eu, pretium quis, sem. Nulla consequat massa quis enim. Donec pede justo, fringilla vel, aliquet nec, vulputate eget, arcu.<\/p>",
                                        "_id": "702531d"
                                    },
                                    {
                                        "sg_accordion_list_title": "What payment methods are available",
                                        "sg_accordion_list_content": "<p>Nascetur ridiculus mus. Donec quam felis, ultricies nec, pellentesque eu, pretium quis, sem. Nulla consequat massa quis enim. Donec pede justo, fringilla vel, aliquet nec, vulputate eget, arcu.<\/p>",
                                        "_id": "ebff8b4",
                                        "sg_accordion_list_open": "yes"
                                    }
                                ],
                                "sg_accordion_open": "",
                                "sg_accordion_style": "shadow",
                                "st_title_open_color_responsive": "#FFFFFF",
                                "st_title_open_background_background_background": "classic",
                                "st_title_open_border_radius_responsive": {
                                    "unit": "px",
                                    "top": "0",
                                    "right": "0",
                                    "bottom": "0",
                                    "left": "0",
                                    "isLinked": false
                                },
                                "st_title_open_boxshadow_box_shadow_box_shadow_type": "yes",
                                "st_title_open_boxshadow_box_shadow_box_shadow": {
                                    "horizontal": 3,
                                    "vertical": 3,
                                    "blur": 10,
                                    "spread": 0,
                                    "color": "rgba(244.99999999999994, 210.99999999999983, 101.00000000000003, 0)"
                                },
                                "st_title_close_background_background_background": "classic",
                                "st_title_close_background_background_color": "#FFFFFF",
                                "st_title_close_border_radius_responsive": {
                                    "unit": "px",
                                    "top": "0",
                                    "right": "0",
                                    "bottom": "0",
                                    "left": "0",
                                    "isLinked": false
                                },
                                "st_title_close_boxshadow_box_shadow_box_shadow_type": "yes",
                                "st_title_close_boxshadow_box_shadow_box_shadow": {
                                    "horizontal": 1,
                                    "vertical": 1,
                                    "blur": 10,
                                    "spread": 0,
                                    "color": "rgba(244.99999999999994, 210.99999999999983, 101.00000000000003, 0)"
                                },
                                "st_description_padding_responsive": {
                                    "unit": "px",
                                    "top": "30",
                                    "right": "40",
                                    "bottom": "10",
                                    "left": "30",
                                    "isLinked": false
                                },
                                "_margin": {
                                    "unit": "px",
                                    "top": "0",
                                    "right": "0",
                                    "bottom": "0",
                                    "left": "0",
                                    "isLinked": false
                                },
                                "_margin_tablet": {
                                    "unit": "px",
                                    "top": "-10",
                                    "right": "0",
                                    "bottom": "0",
                                    "left": "0",
                                    "isLinked": false
                                },
                                "_margin_mobile": {
                                    "unit": "px",
                                    "top": "-10",
                                    "right": "0",
                                    "bottom": "0",
                                    "left": "0",
                                    "isLinked": false
                                },
                                "__globals__": {
                                    "st_title_typography_content_typography_typography": "globals\/typography?id=dd731a4",
                                    "st_title_open_background_background_color": "globals\/colors?id=primary",
                                    "st_title_close_color_responsive": "globals\/colors?id=text",
                                    "st_description_typography_content_typography_typography": "globals\/typography?id=text",
                                    "st_description_color_responsive": "globals\/colors?id=text",
                                    "st_title_close_border_border_color": "",
                                    "st_title_open_color_responsive": "",
                                    "st_icon_close_color_responsive": "globals\/colors?id=secondary"
                                },
                                "st_title_typography_content_typography_typography": "custom",
                                "st_title_typography_content_typography_font_family": "Poppins",
                                "st_title_typography_content_typography_font_size": {
                                    "unit": "px",
                                    "size": 17,
                                    "sizes": []
                                },
                                "st_title_typography_content_typography_font_size_tablet": {
                                    "unit": "px",
                                    "size": 17,
                                    "sizes": []
                                },
                                "st_title_typography_content_typography_font_size_mobile": {
                                    "unit": "px",
                                    "size": 16,
                                    "sizes": []
                                },
                                "st_title_typography_content_typography_font_weight": "700",
                                "st_title_open_background_background_color": "#000000",
                                "st_title_close_border_border_border": "solid",
                                "st_title_close_border_border_width": {
                                    "unit": "px",
                                    "top": "1",
                                    "right": "1",
                                    "bottom": "1",
                                    "left": "1",
                                    "isLinked": true
                                },
                                "st_title_close_border_border_color": "#F1F1F1",
                                "st_description_color_responsive": "#4F4F4F",
                                "st_description_typography_content_typography_typography": "custom",
                                "st_description_typography_content_typography_font_family": "Poppins",
                                "st_description_typography_content_typography_font_size": {
                                    "unit": "px",
                                    "size": 15,
                                    "sizes": []
                                },
                                "st_description_typography_content_typography_font_size_tablet": {
                                    "unit": "px",
                                    "size": 15,
                                    "sizes": []
                                },
                                "st_description_typography_content_typography_font_size_mobile": {
                                    "unit": "px",
                                    "size": 14,
                                    "sizes": []
                                },
                                "st_description_typography_content_typography_font_weight": "300",
                                "st_description_typography_content_typography_line_height": {
                                    "unit": "em",
                                    "size": 1.5,
                                    "sizes": []
                                },
                                "st_title_padding_responsive": {
                                    "unit": "px",
                                    "top": "20",
                                    "right": "50",
                                    "bottom": "20",
                                    "left": "30",
                                    "isLinked": false
                                }
                            },
                            "elements": [],
                            "isInner": false,
                            "widgetType": "jkit_accordion",
                            "elType": "widget"
                        }
                    ],
                    "isInner": false,
                    "elType": "column"
                }
            ],
            "isInner": false,
            "elType": "section"
        }
    ],
    "page_settings": {
        "hide_title": "yes",
        "template": "elementor_canvas"
    }
}