{
    "version": "0.4",
    "title": "Header",
    "type": "section",
    "metadata": {
        "template_type": "section-header",
        "include_in_zip": "1",
        "elementor_pro_required": null,
        "wp_page_template": "elementor_canvas"
    },
    "content": [
        {
            "id": "4e8c891e",
            "settings": {
                "structure": "20",
                "margin": {
                    "unit": "px",
                    "top": "0",
                    "right": 0,
                    "bottom": "-118",
                    "left": 0,
                    "isLinked": false
                },
                "padding": {
                    "unit": "px",
                    "top": "10",
                    "right": "0",
                    "bottom": "10",
                    "left": "0",
                    "isLinked": false
                },
                "z_index": 2,
                "margin_mobile": {
                    "unit": "px",
                    "top": "0",
                    "right": 0,
                    "bottom": "-76",
                    "left": 0,
                    "isLinked": false
                },
                "padding_mobile": {
                    "unit": "px",
                    "top": "5",
                    "right": "0",
                    "bottom": "0",
                    "left": "0",
                    "isLinked": false
                },
                "background_background": "classic",
                "content_width": {
                    "unit": "px",
                    "size": 1300,
                    "sizes": []
                },
                "animation_delay": 200,
                "background_color": "#FFFFFF00",
                "margin_tablet": {
                    "unit": "px",
                    "top": "0",
                    "right": 0,
                    "bottom": "-95",
                    "left": 0,
                    "isLinked": false
                },
                "padding_tablet": {
                    "unit": "px",
                    "top": "10",
                    "right": "0",
                    "bottom": "10",
                    "left": "0",
                    "isLinked": false
                }
            },
            "elements": [
                {
                    "id": "768fc53a",
                    "settings": {
                        "_column_size": 50,
                        "_inline_size": 10,
                        "_inline_size_tablet": 86,
                        "content_position": "center",
                        "background_background": "classic",
                        "margin_tablet": {
                            "unit": "px",
                            "top": "0",
                            "right": "0",
                            "bottom": "0",
                            "left": "10",
                            "isLinked": false
                        },
                        "_inline_size_mobile": 70,
                        "margin_mobile": {
                            "unit": "px",
                            "top": "0",
                            "right": "0",
                            "bottom": "0",
                            "left": "0",
                            "isLinked": false
                        },
                        "padding_tablet": {
                            "unit": "px",
                            "top": "0",
                            "right": "0",
                            "bottom": "0",
                            "left": "10",
                            "isLinked": false
                        },
                        "padding_mobile": {
                            "unit": "px",
                            "top": "0",
                            "right": "0",
                            "bottom": "0",
                            "left": "15",
                            "isLinked": false
                        },
                        "animation": "fadeIn",
                        "animation_delay": 200
                    },
                    "elements": [
                        {
                            "id": "73320ad5",
                            "settings": {
                                "image": {
                                    "url": "https:\/\/kit.juliha.com\/zitshoe\/wp-content\/uploads\/sites\/16\/2021\/06\/Asset-4.png",
                                    "id": 88
                                },
                                "_margin": {
                                    "unit": "px",
                                    "top": "0",
                                    "right": "-50",
                                    "bottom": "0",
                                    "left": "-12",
                                    "isLinked": false
                                },
                                "_margin_tablet": {
                                    "unit": "px",
                                    "top": "0",
                                    "right": "-10",
                                    "bottom": "0",
                                    "left": "0",
                                    "isLinked": false
                                },
                                "_margin_mobile": {
                                    "unit": "px",
                                    "top": "0",
                                    "right": "-35",
                                    "bottom": "0",
                                    "left": "5",
                                    "isLinked": false
                                },
                                "hover_animation": "float",
                                "_padding_mobile": {
                                    "unit": "px",
                                    "top": "0",
                                    "right": "0",
                                    "bottom": "0",
                                    "left": "0",
                                    "isLinked": false
                                },
                                "align_tablet": "left",
                                "width_tablet": {
                                    "unit": "%",
                                    "size": 20,
                                    "sizes": []
                                },
                                "width_mobile": {
                                    "unit": "%",
                                    "size": 40,
                                    "sizes": []
                                }
                            },
                            "elements": [],
                            "isInner": false,
                            "widgetType": "image",
                            "elType": "widget"
                        }
                    ],
                    "isInner": false,
                    "elType": "column"
                },
                {
                    "id": "4494d257",
                    "settings": {
                        "_column_size": 50,
                        "_inline_size": 90,
                        "content_position": "center",
                        "_inline_size_tablet": 14,
                        "_inline_size_mobile": 30,
                        "margin": {
                            "unit": "px",
                            "top": "0",
                            "right": "0",
                            "bottom": "0",
                            "left": "0",
                            "isLinked": false
                        },
                        "padding_tablet": {
                            "unit": "px",
                            "top": "0",
                            "right": "0",
                            "bottom": "0",
                            "left": "0",
                            "isLinked": false
                        }
                    },
                    "elements": [
                        {
                            "id": "2a341ec9",
                            "settings": {
                                "layout": "full_width",
                                "structure": "20",
                                "reverse_order_tablet": "reverse-tablet",
                                "margin_mobile": {
                                    "unit": "px",
                                    "top": "0",
                                    "right": 0,
                                    "bottom": "0",
                                    "left": 0,
                                    "isLinked": false
                                },
                                "padding_mobile": {
                                    "unit": "px",
                                    "top": "0",
                                    "right": "0",
                                    "bottom": "0",
                                    "left": "0",
                                    "isLinked": false
                                },
                                "reverse_order_mobile": "reverse-mobile"
                            },
                            "elements": [
                                {
                                    "id": "49d03ec",
                                    "settings": {
                                        "_column_size": 50,
                                        "_inline_size": 96.78,
                                        "_inline_size_tablet": 50,
                                        "content_position_tablet": "center",
                                        "_inline_size_mobile": 50,
                                        "padding_tablet": {
                                            "unit": "px",
                                            "top": "0",
                                            "right": "0",
                                            "bottom": "0",
                                            "left": "0",
                                            "isLinked": false
                                        },
                                        "padding_mobile": {
                                            "unit": "px",
                                            "top": "0",
                                            "right": "0",
                                            "bottom": "0",
                                            "left": "0",
                                            "isLinked": false
                                        },
                                        "animation": "fadeIn"
                                    },
                                    "elements": [
                                        {
                                            "id": "42555970",
                                            "settings": {
                                                "sg_menu_alignment_responsive": "center",
                                                "st_menu_wrapper_height_responsive": {
                                                    "unit": "px",
                                                    "size": 30,
                                                    "sizes": []
                                                },
                                                "st_menu_wrapper_padding_responsive": {
                                                    "unit": "px",
                                                    "top": "0",
                                                    "right": "0",
                                                    "bottom": "0",
                                                    "left": "0",
                                                    "isLinked": false
                                                },
                                                "st_menu_wrapper_margin_responsive": {
                                                    "unit": "px",
                                                    "top": "0",
                                                    "right": "0",
                                                    "bottom": "0",
                                                    "left": "0",
                                                    "isLinked": false
                                                },
                                                "st_menu_wrapper_border_radius_responsive": {
                                                    "unit": "px",
                                                    "top": "0",
                                                    "right": "0",
                                                    "bottom": "0",
                                                    "left": "0",
                                                    "isLinked": false
                                                },
                                                "st_menu_item_spacing_responsive": {
                                                    "unit": "px",
                                                    "top": "0",
                                                    "right": "40",
                                                    "bottom": "30",
                                                    "left": "40",
                                                    "isLinked": false
                                                },
                                                "st_submenu_item_indicator_margin_responsive": {
                                                    "unit": "px",
                                                    "top": "4",
                                                    "right": "0",
                                                    "bottom": "0",
                                                    "left": "7",
                                                    "isLinked": false
                                                },
                                                "st_submenu_item_indicator_border_radius_responsive": {
                                                    "unit": "px",
                                                    "top": "0",
                                                    "right": "0",
                                                    "bottom": "0",
                                                    "left": "0",
                                                    "isLinked": false
                                                },
                                                "st_submenu_panel_padding_responsive": {
                                                    "unit": "px",
                                                    "top": "20",
                                                    "right": "0",
                                                    "bottom": "20",
                                                    "left": "25",
                                                    "isLinked": false
                                                },
                                                "sg_mobile_menu_icon": {
                                                    "value": "jki jki-burger-menu-light",
                                                    "library": "jkiticon"
                                                },
                                                "st_menu_item_spacing_responsive_tablet": {
                                                    "unit": "px",
                                                    "top": "0",
                                                    "right": "40",
                                                    "bottom": "20",
                                                    "left": "30",
                                                    "isLinked": false
                                                },
                                                "st_submenu_item_indicator": {
                                                    "value": "icon icon-down-arrow1",
                                                    "library": "ekiticons"
                                                },
                                                "st_submenu_item_indicator_padding_responsive": {
                                                    "unit": "px",
                                                    "top": "0",
                                                    "right": "0",
                                                    "bottom": "0",
                                                    "left": "0",
                                                    "isLinked": false
                                                },
                                                "st_submenu_item_spacing_responsive_tablet": {
                                                    "unit": "px",
                                                    "top": "0",
                                                    "right": "0",
                                                    "bottom": "25",
                                                    "left": "40",
                                                    "isLinked": false
                                                },
                                                "st_submenu_item_text_normal_bg_background_background": "classic",
                                                "st_submenu_panel_background_background_background": "classic",
                                                "st_submenu_panel_background_background_color": "#FFFFFF",
                                                "st_hamburger_menu_position_responsive_tablet": "right",
                                                "st_hamburger_menu_icon_border_border_border": "solid",
                                                "st_hamburger_menu_icon_border_border_width_tablet": {
                                                    "unit": "px",
                                                    "top": "0",
                                                    "right": "0",
                                                    "bottom": "0",
                                                    "left": "0",
                                                    "isLinked": true
                                                },
                                                "st_hamburger_menu_icon_border_radius_responsive_tablet": {
                                                    "unit": "px",
                                                    "top": "0",
                                                    "right": "0",
                                                    "bottom": "0",
                                                    "left": "0",
                                                    "isLinked": false
                                                },
                                                "__globals__": {
                                                    "st_submenu_item_text_normal_bg_background_color": "",
                                                    "st_submenu_item_text_normal_color_responsive": "",
                                                    "st_submenu_panel_background_background_color": "",
                                                    "st_hamburger_menu_icon_background_background_color": "",
                                                    "st_hamburger_menu_close_background_background_color": "",
                                                    "st_menu_item_text_hover_color_responsive": "",
                                                    "st_menu_item_text_active_color_responsive": "",
                                                    "st_submenu_item_text_hover_color_responsive": "",
                                                    "st_submenu_item_text_active_color_responsive": "",
                                                    "st_hamburger_menu_icon_border_border_color": "",
                                                    "st_menu_item_typography_content_typography_typography": "globals\/typography?id=92a2a0b",
                                                    "st_submenu_item_typography_content_typography_typography": "globals\/typography?id=3ce7c26",
                                                    "st_menu_item_text_normal_color_responsive": "",
                                                    "st_submenu_item_indicator_color_responsive": "",
                                                    "st_hamburger_menu_icon_color_responsive_tablet": "",
                                                    "st_hamburger_menu_icon_color_hover_responsive_tablet": "globals\/colors?id=secondary",
                                                    "st_hamburger_menu_close_color_responsive_mobile": "",
                                                    "st_hamburger_menu_close_color_hover_responsive_mobile": "globals\/colors?id=secondary",
                                                    "st_menu_item_text_normal_color_responsive_tablet": "",
                                                    "st_hamburger_menu_close_color_hover_responsive_tablet": "globals\/colors?id=secondary"
                                                },
                                                "sg_mobile_close_icon": {
                                                    "value": "jki jki-times-solid",
                                                    "library": "jkiticon"
                                                },
                                                "st_hamburger_menu_icon_size_responsive_tablet": {
                                                    "unit": "px",
                                                    "size": 30,
                                                    "sizes": []
                                                },
                                                "st_hamburger_menu_icon_background_background_background": "classic",
                                                "st_hamburger_menu_close_background_background_background": "classic",
                                                "st_hamburger_menu_close_border_border_border": "solid",
                                                "st_hamburger_menu_close_border_border_color": "#02010100",
                                                "st_hamburger_menu_close_border_radius_responsive_tablet": {
                                                    "unit": "px",
                                                    "top": "0",
                                                    "right": "0",
                                                    "bottom": "0",
                                                    "left": "0",
                                                    "isLinked": true
                                                },
                                                "st_hamburger_menu_close_color_responsive_tablet": "#000000",
                                                "st_hamburger_menu_close_margin_responsive_tablet": {
                                                    "unit": "px",
                                                    "top": "20",
                                                    "right": "10",
                                                    "bottom": "20",
                                                    "left": "0",
                                                    "isLinked": false
                                                },
                                                "st_hamburger_menu_close_padding_responsive_tablet": {
                                                    "unit": "px",
                                                    "top": "0",
                                                    "right": "0",
                                                    "bottom": "0",
                                                    "left": "0",
                                                    "isLinked": false
                                                },
                                                "_margin_tablet": {
                                                    "unit": "px",
                                                    "top": "0",
                                                    "right": "-10",
                                                    "bottom": "0",
                                                    "left": "0",
                                                    "isLinked": false
                                                },
                                                "st_submenu_item_text_active_bg_background_background": "classic",
                                                "st_submenu_item_text_active_bg_background_color": "#02010100",
                                                "st_hamburger_menu_close_width_responsive_tablet": {
                                                    "unit": "px",
                                                    "size": 75,
                                                    "sizes": []
                                                },
                                                "st_hamburger_menu_close_icon_size_responsive_tablet": {
                                                    "unit": "px",
                                                    "size": 25,
                                                    "sizes": []
                                                },
                                                "st_hamburger_menu_icon_background_background_color": "#02010100",
                                                "st_hamburger_menu_icon_background_hover_background_background": "classic",
                                                "st_hamburger_menu_icon_background_hover_background_color": "#02010100",
                                                "st_hamburger_menu_close_background_background_color": "#02010100",
                                                "st_hamburger_menu_close_background_hover_background_background": "classic",
                                                "st_hamburger_menu_close_background_hover_background_color": "#02010100",
                                                "sg_menu_choose": "header",
                                                "st_submenu_item_spacing_responsive": {
                                                    "unit": "px",
                                                    "top": "10",
                                                    "right": "0",
                                                    "bottom": "10",
                                                    "left": "10",
                                                    "isLinked": false
                                                },
                                                "st_hamburger_menu_icon_border_border_color": "#61CE7000",
                                                "st_hamburger_menu_icon_color_responsive_tablet": "#232323",
                                                "_margin": {
                                                    "unit": "px",
                                                    "top": "28",
                                                    "right": "0",
                                                    "bottom": "0",
                                                    "left": "0",
                                                    "isLinked": false
                                                },
                                                "_margin_mobile": {
                                                    "unit": "px",
                                                    "top": "2",
                                                    "right": "-10",
                                                    "bottom": "0",
                                                    "left": "0",
                                                    "isLinked": false
                                                },
                                                "st_menu_wrapper_background_background_background": "classic",
                                                "st_menu_wrapper_background_background_color": "#FFFFFF00",
                                                "st_menu_item_text_hover_color_responsive": "#000000",
                                                "st_menu_item_text_active_color_responsive": "#000000",
                                                "st_submenu_item_text_normal_color_responsive": "#0000009E",
                                                "st_submenu_item_text_hover_color_responsive": "#000000",
                                                "st_submenu_item_text_active_color_responsive": "#000000",
                                                "_padding_tablet": {
                                                    "unit": "px",
                                                    "top": "0",
                                                    "right": "0",
                                                    "bottom": "0",
                                                    "left": "0",
                                                    "isLinked": false
                                                },
                                                "_padding_mobile": {
                                                    "unit": "px",
                                                    "top": "0",
                                                    "right": "0",
                                                    "bottom": "0",
                                                    "left": "0",
                                                    "isLinked": false
                                                },
                                                "st_submenu_panel_border_radius_responsive": {
                                                    "unit": "px",
                                                    "top": "0",
                                                    "right": "0",
                                                    "bottom": "0",
                                                    "left": "0",
                                                    "isLinked": false
                                                },
                                                "st_hamburger_menu_icon_size_responsive_mobile": {
                                                    "unit": "px",
                                                    "size": 25,
                                                    "sizes": []
                                                },
                                                "_padding": {
                                                    "unit": "px",
                                                    "top": "0",
                                                    "right": "0",
                                                    "bottom": "0",
                                                    "left": "0",
                                                    "isLinked": false
                                                },
                                                "st_hamburger_menu_close_color_responsive_mobile": "#000000",
                                                "st_hamburger_menu_close_color_hover_responsive_mobile": "#61CE70",
                                                "st_menu_item_text_normal_color_responsive": "#0000009C",
                                                "st_submenu_item_icon_size_responsive": {
                                                    "unit": "px",
                                                    "size": 1,
                                                    "sizes": []
                                                },
                                                "st_menu_item_icon_size_responsive": {
                                                    "unit": "px",
                                                    "size": 8,
                                                    "sizes": []
                                                },
                                                "st_hamburger_menu_icon_size_responsive": {
                                                    "unit": "px",
                                                    "size": 0,
                                                    "sizes": []
                                                },
                                                "st_menu_wrapper_mobile_color_tablet_responsive_tablet": "#FFFFFF",
                                                "st_menu_item_text_normal_color_responsive_tablet": "#000000A8",
                                                "st_menu_item_text_hover_color_responsive_tablet": "#000000",
                                                "st_menu_item_text_active_color_responsive_tablet": "#000000",
                                                "st_submenu_item_indicator_color_responsive": "#000000",
                                                "st_submenu_item_indicator_color_responsive_tablet": "#000000",
                                                "st_submenu_item_indicator_border_border_border": "solid",
                                                "st_submenu_item_indicator_border_border_width_tablet": {
                                                    "unit": "px",
                                                    "top": "0",
                                                    "right": "0",
                                                    "bottom": "0",
                                                    "left": "0",
                                                    "isLinked": false
                                                },
                                                "st_submenu_item_indicator_border_border_color": "#3ED1E500",
                                                "st_submenu_item_text_normal_bg_background_color": "#02010100",
                                                "st_submenu_panel_box_shadow_box_shadow_box_shadow": {
                                                    "horizontal": 0,
                                                    "vertical": 0,
                                                    "blur": 10,
                                                    "spread": 0,
                                                    "color": "rgba(0, 0, 0, 0.08)"
                                                },
                                                "st_submenu_panel_container_width_responsive": {
                                                    "unit": "px",
                                                    "size": 190,
                                                    "sizes": []
                                                },
                                                "st_submenu_item_text_normal_color_responsive_tablet": "#000000A3",
                                                "st_submenu_item_text_hover_color_responsive_tablet": "#000000",
                                                "st_submenu_item_text_active_color_responsive_tablet": "#000000"
                                            },
                                            "elements": [],
                                            "isInner": false,
                                            "widgetType": "jkit_nav_menu",
                                            "elType": "widget"
                                        }
                                    ],
                                    "isInner": true,
                                    "elType": "column"
                                },
                                {
                                    "id": "1d8a8d27",
                                    "settings": {
                                        "_column_size": 50,
                                        "_inline_size": 3.177,
                                        "_inline_size_tablet": 50,
                                        "_inline_size_mobile": 50
                                    },
                                    "elements": [
                                        {
                                            "id": "510431cf",
                                            "settings": {
                                                "ekit_search_placeholder_text": "Search...",
                                                "ekit_search_icons": {
                                                    "value": "icon icon-search11",
                                                    "library": "ekiticons"
                                                },
                                                "ekit_searech_icon_color": "#000000",
                                                "ekit_search_icon_text_align_tablet": "left",
                                                "_margin_tablet": {
                                                    "unit": "px",
                                                    "top": "0",
                                                    "right": "0",
                                                    "bottom": "0",
                                                    "left": "-5",
                                                    "isLinked": false
                                                },
                                                "_margin_mobile": {
                                                    "unit": "px",
                                                    "top": "0",
                                                    "right": "0",
                                                    "bottom": "0",
                                                    "left": "10",
                                                    "isLinked": false
                                                }
                                            },
                                            "elements": [],
                                            "isInner": false,
                                            "widgetType": "elementskit-header-search",
                                            "elType": "widget"
                                        }
                                    ],
                                    "isInner": true,
                                    "elType": "column"
                                }
                            ],
                            "isInner": true,
                            "elType": "section"
                        }
                    ],
                    "isInner": false,
                    "elType": "column"
                }
            ],
            "isInner": false,
            "elType": "section"
        }
    ],
    "page_settings": {
        "hide_title": "yes",
        "template": "elementor_canvas"
    }
}