{
    "version": "0.4",
    "title": "Team",
    "type": "page",
    "metadata": {
        "template_type": "single-page",
        "include_in_zip": "1",
        "elementor_pro_required": null,
        "wp_page_template": "elementor_canvas"
    },
    "content": [
        {
            "id": "ecc22fe",
            "settings": {
                "content_width": {
                    "unit": "px",
                    "size": 1300,
                    "sizes": []
                },
                "background_background": "classic",
                "background_image": {
                    "url": "https:\/\/kit.juliha.com\/zitshoe\/wp-content\/uploads\/sites\/16\/2021\/06\/anton-jansson-BJqSvS7Cyc0-unsplash.jpg",
                    "id": 712
                },
                "background_position": "center center",
                "background_size": "cover",
                "background_overlay_background": "classic",
                "background_overlay_color": "#FFFFFF",
                "margin": {
                    "unit": "px",
                    "top": "0",
                    "right": 0,
                    "bottom": "0",
                    "left": 0,
                    "isLinked": false
                },
                "padding": {
                    "unit": "px",
                    "top": "200",
                    "right": "0",
                    "bottom": "115",
                    "left": "0",
                    "isLinked": false
                },
                "padding_tablet": {
                    "unit": "px",
                    "top": "150",
                    "right": "0",
                    "bottom": "85",
                    "left": "0",
                    "isLinked": false
                },
                "padding_mobile": {
                    "unit": "px",
                    "top": "120",
                    "right": "0",
                    "bottom": "70",
                    "left": "0",
                    "isLinked": false
                },
                "__globals__": {
                    "background_overlay_color": ""
                },
                "background_ypos": {
                    "unit": "px",
                    "size": -232,
                    "sizes": []
                }
            },
            "elements": [
                {
                    "id": "1b7f5ad",
                    "settings": {
                        "_column_size": 100,
                        "_inline_size": null
                    },
                    "elements": [
                        {
                            "id": "2e95855e",
                            "settings": {
                                "title": "Team",
                                "align": "center",
                                "_animation": "fadeIn",
                                "_margin": {
                                    "unit": "px",
                                    "top": "0",
                                    "right": "0",
                                    "bottom": "-10",
                                    "left": "0",
                                    "isLinked": false
                                },
                                "_margin_tablet": {
                                    "unit": "px",
                                    "top": "0",
                                    "right": "0",
                                    "bottom": "-20",
                                    "left": "0",
                                    "isLinked": false
                                }
                            },
                            "elements": [],
                            "isInner": false,
                            "widgetType": "heading",
                            "elType": "widget"
                        },
                        {
                            "id": "35285521",
                            "settings": {
                                "structure": "20",
                                "animation": "fadeIn",
                                "animation_delay": 200
                            },
                            "elements": [
                                {
                                    "id": "640f3a77",
                                    "settings": {
                                        "_column_size": 50,
                                        "_inline_size": 49,
                                        "_inline_size_tablet": 48,
                                        "_inline_size_mobile": 46,
                                        "content_position": "center"
                                    },
                                    "elements": [
                                        {
                                            "id": "376e6ff7",
                                            "settings": {
                                                "title": "Home",
                                                "link": {
                                                    "url": "#",
                                                    "is_external": "",
                                                    "nofollow": "",
                                                    "custom_attributes": ""
                                                },
                                                "header_size": "h5",
                                                "align": "right",
                                                "__globals__": {
                                                    "typography_typography": "globals\/typography?id=text",
                                                    "title_color": "globals\/colors?id=text"
                                                }
                                            },
                                            "elements": [],
                                            "isInner": false,
                                            "widgetType": "heading",
                                            "elType": "widget"
                                        }
                                    ],
                                    "isInner": true,
                                    "elType": "column"
                                },
                                {
                                    "id": "4701dbc7",
                                    "settings": {
                                        "_column_size": 50,
                                        "_inline_size": 51,
                                        "_inline_size_tablet": 52,
                                        "_inline_size_mobile": 54,
                                        "content_position": "center"
                                    },
                                    "elements": [
                                        {
                                            "id": "13dccebb",
                                            "settings": {
                                                "ekit_headerinfo_group": [
                                                    {
                                                        "ekit_headerinfo_text": "Team",
                                                        "_id": "a7b3e0e",
                                                        "ekit_headerinfo_icons": {
                                                            "value": "fas fa-circle",
                                                            "library": "fa-solid"
                                                        }
                                                    }
                                                ],
                                                "ekit_info_item_margin": {
                                                    "unit": "px",
                                                    "top": "0",
                                                    "right": "0",
                                                    "bottom": "0",
                                                    "left": "0",
                                                    "isLinked": false
                                                },
                                                "ekit_info_item_padding": {
                                                    "unit": "px",
                                                    "top": "0",
                                                    "right": "0",
                                                    "bottom": "0",
                                                    "left": "0",
                                                    "isLinked": false
                                                },
                                                "ekit_simple_tab_title_icon_size": {
                                                    "unit": "px",
                                                    "size": 10,
                                                    "sizes": []
                                                },
                                                "ekit_info_icon_spacing": {
                                                    "unit": "px",
                                                    "size": 15,
                                                    "sizes": []
                                                },
                                                "_margin": {
                                                    "unit": "px",
                                                    "top": "0",
                                                    "right": "0",
                                                    "bottom": "-2",
                                                    "left": "0",
                                                    "isLinked": false
                                                },
                                                "__globals__": {
                                                    "elementskit_content_typography_typography": "globals\/typography?id=accent",
                                                    "ekit_info_text_color": "globals\/colors?id=primary",
                                                    "ekit_info_icon_color": "globals\/colors?id=secondary"
                                                }
                                            },
                                            "elements": [],
                                            "isInner": false,
                                            "widgetType": "elementskit-header-info",
                                            "elType": "widget"
                                        }
                                    ],
                                    "isInner": true,
                                    "elType": "column"
                                }
                            ],
                            "isInner": true,
                            "elType": "section"
                        }
                    ],
                    "isInner": false,
                    "elType": "column"
                }
            ],
            "isInner": false,
            "elType": "section"
        },
        {
            "id": "6de9cf0d",
            "settings": {
                "content_width": {
                    "unit": "px",
                    "size": 1300,
                    "sizes": []
                },
                "structure": "20",
                "padding": {
                    "unit": "px",
                    "top": "100",
                    "right": "0",
                    "bottom": "100",
                    "left": "0",
                    "isLinked": false
                },
                "padding_tablet": {
                    "unit": "px",
                    "top": "70",
                    "right": "20",
                    "bottom": "70",
                    "left": "20",
                    "isLinked": false
                },
                "padding_mobile": {
                    "unit": "px",
                    "top": "50",
                    "right": "20",
                    "bottom": "50",
                    "left": "20",
                    "isLinked": false
                }
            },
            "elements": [
                {
                    "id": "73d8854c",
                    "settings": {
                        "_column_size": 50,
                        "_inline_size": null,
                        "background_background": "classic",
                        "background_image": {
                            "url": "https:\/\/kit.juliha.com\/zitshoe\/wp-content\/uploads\/sites\/16\/2021\/06\/young-caucasian-woman-with-freckled-skin-green-eye-A5ZYG94-2.jpg",
                            "id": 378
                        },
                        "background_position": "center center",
                        "background_size": "cover",
                        "animation": "fadeIn",
                        "animation_delay": 200
                    },
                    "elements": [
                        {
                            "id": "28b8bc21",
                            "settings": {
                                "space_mobile": {
                                    "unit": "px",
                                    "size": 325,
                                    "sizes": []
                                }
                            },
                            "elements": [],
                            "isInner": false,
                            "widgetType": "spacer",
                            "elType": "widget"
                        }
                    ],
                    "isInner": false,
                    "elType": "column"
                },
                {
                    "id": "3c328018",
                    "settings": {
                        "_column_size": 50,
                        "_inline_size": null,
                        "padding": {
                            "unit": "px",
                            "top": "50",
                            "right": "0",
                            "bottom": "50",
                            "left": "50",
                            "isLinked": false
                        },
                        "padding_tablet": {
                            "unit": "px",
                            "top": "50",
                            "right": "0",
                            "bottom": "30",
                            "left": "40",
                            "isLinked": false
                        },
                        "margin_mobile": {
                            "unit": "px",
                            "top": "0",
                            "right": "0",
                            "bottom": "0",
                            "left": "0",
                            "isLinked": false
                        },
                        "padding_mobile": {
                            "unit": "px",
                            "top": "50",
                            "right": "0",
                            "bottom": "0",
                            "left": "0",
                            "isLinked": false
                        },
                        "animation": "fadeIn"
                    },
                    "elements": [
                        {
                            "id": "6f19e6bb",
                            "settings": {
                                "editor": "<p>THE LEADER<\/p>",
                                "align": "left",
                                "text_color": "#FF7D03",
                                "_margin": {
                                    "unit": "px",
                                    "top": "0",
                                    "right": "0",
                                    "bottom": "-20",
                                    "left": "0",
                                    "isLinked": false
                                },
                                "__globals__": {
                                    "typography_typography": "globals\/typography?id=41965fa"
                                },
                                "_animation": "fadeIn"
                            },
                            "elements": [],
                            "isInner": false,
                            "widgetType": "text-editor",
                            "elType": "widget"
                        },
                        {
                            "id": "7725944d",
                            "settings": {
                                "title": "Roseli Rose",
                                "__globals__": {
                                    "typography_typography": "globals\/typography?id=primary"
                                }
                            },
                            "elements": [],
                            "isInner": false,
                            "widgetType": "heading",
                            "elType": "widget"
                        },
                        {
                            "id": "eb99aa6",
                            "settings": {
                                "editor": "<p>Lorem ipsum dolor sit amet, consectetur adipiscing elit. In faucibus felis ut justo viverra, ac rhoncus nisl auctor. Sed condimentum fermentum velit, sit amet tempus lorem eleifend sed. Fusce hendrerit volutpat velit, sed faucibus risus luctus sed. Curabitur porttitor ligula sit amet lacinia vehicula. Maecenas in iaculis diam.<\/p>",
                                "_margin": {
                                    "unit": "px",
                                    "top": "0",
                                    "right": "0",
                                    "bottom": "30",
                                    "left": "0",
                                    "isLinked": false
                                },
                                "__globals__": {
                                    "typography_typography": "globals\/typography?id=text",
                                    "text_color": "globals\/colors?id=text"
                                },
                                "align_mobile": "left"
                            },
                            "elements": [],
                            "isInner": false,
                            "widgetType": "text-editor",
                            "elType": "widget"
                        },
                        {
                            "id": "3a57adcf",
                            "settings": {
                                "image": {
                                    "url": "https:\/\/kit.juliha.com\/zitshoe\/wp-content\/uploads\/sites\/16\/2021\/06\/sign_Asset-7_white.png",
                                    "id": 379
                                },
                                "align": "left",
                                "width": {
                                    "unit": "%",
                                    "size": 25,
                                    "sizes": []
                                },
                                "width_tablet": {
                                    "unit": "%",
                                    "size": 45,
                                    "sizes": []
                                },
                                "_margin": {
                                    "unit": "px",
                                    "top": "0",
                                    "right": "0",
                                    "bottom": "-15",
                                    "left": "0",
                                    "isLinked": false
                                }
                            },
                            "elements": [],
                            "isInner": false,
                            "widgetType": "image",
                            "elType": "widget"
                        },
                        {
                            "id": "146f8fb7",
                            "settings": {
                                "editor": "<p>CEO of ZitShoe<\/p>"
                            },
                            "elements": [],
                            "isInner": false,
                            "widgetType": "text-editor",
                            "elType": "widget"
                        }
                    ],
                    "isInner": false,
                    "elType": "column"
                }
            ],
            "isInner": false,
            "elType": "section"
        },
        {
            "id": "53c02911",
            "settings": {
                "content_width": {
                    "unit": "px",
                    "size": 1300,
                    "sizes": []
                },
                "background_background": "classic",
                "background_position": "center center",
                "background_size": "cover",
                "padding": {
                    "unit": "px",
                    "top": "100",
                    "right": "0",
                    "bottom": "100",
                    "left": "0",
                    "isLinked": false
                },
                "padding_tablet": {
                    "unit": "px",
                    "top": "70",
                    "right": "0",
                    "bottom": "70",
                    "left": "0",
                    "isLinked": false
                },
                "padding_mobile": {
                    "unit": "px",
                    "top": "50",
                    "right": "0",
                    "bottom": "50",
                    "left": "0",
                    "isLinked": false
                },
                "__globals__": {
                    "background_color": ""
                },
                "background_color": "#FFFFFF"
            },
            "elements": [
                {
                    "id": "2aa58cc0",
                    "settings": {
                        "_column_size": 100,
                        "_inline_size": null,
                        "margin_mobile": {
                            "unit": "px",
                            "top": "0",
                            "right": "0",
                            "bottom": "50",
                            "left": "0",
                            "isLinked": false
                        }
                    },
                    "elements": [
                        {
                            "id": "319aaea8",
                            "settings": {
                                "editor": "<p>THE TEAM<\/p>",
                                "align": "center",
                                "text_color": "#FF7D03",
                                "_margin": {
                                    "unit": "px",
                                    "top": "0",
                                    "right": "0",
                                    "bottom": "-20",
                                    "left": "0",
                                    "isLinked": false
                                },
                                "__globals__": {
                                    "typography_typography": "globals\/typography?id=41965fa"
                                },
                                "_animation": "fadeIn"
                            },
                            "elements": [],
                            "isInner": false,
                            "widgetType": "text-editor",
                            "elType": "widget"
                        },
                        {
                            "id": "37056a0c",
                            "settings": {
                                "title": "Meet our professionals",
                                "align": "center",
                                "title_color": "#000000",
                                "_margin": {
                                    "unit": "px",
                                    "top": "0",
                                    "right": "0",
                                    "bottom": "50",
                                    "left": "0",
                                    "isLinked": false
                                },
                                "__globals__": {
                                    "typography_typography": "globals\/typography?id=primary"
                                },
                                "_margin_mobile": {
                                    "unit": "px",
                                    "top": "0",
                                    "right": "0",
                                    "bottom": "40",
                                    "left": "0",
                                    "isLinked": false
                                },
                                "_animation": "fadeIn",
                                "_animation_delay": 200
                            },
                            "elements": [],
                            "isInner": false,
                            "widgetType": "heading",
                            "elType": "widget"
                        },
                        {
                            "id": "5c499023",
                            "settings": {
                                "layout": "full_width",
                                "structure": "40"
                            },
                            "elements": [
                                {
                                    "id": "5657f07c",
                                    "settings": {
                                        "_column_size": 25,
                                        "_inline_size": null,
                                        "background_background": "classic",
                                        "padding": {
                                            "unit": "px",
                                            "top": "0",
                                            "right": "0",
                                            "bottom": "30",
                                            "left": "0",
                                            "isLinked": false
                                        },
                                        "__globals__": {
                                            "background_color": "globals\/colors?id=primary"
                                        },
                                        "_inline_size_tablet": 50,
                                        "margin": {
                                            "unit": "px",
                                            "top": "0",
                                            "right": "10",
                                            "bottom": "0",
                                            "left": "10",
                                            "isLinked": false
                                        },
                                        "margin_tablet": {
                                            "unit": "px",
                                            "top": "0",
                                            "right": "10",
                                            "bottom": "20",
                                            "left": "10",
                                            "isLinked": false
                                        },
                                        "animation": "fadeIn",
                                        "animation_delay": 400
                                    },
                                    "elements": [
                                        {
                                            "id": "3993183e",
                                            "settings": {
                                                "image": {
                                                    "url": "https:\/\/kit.juliha.com\/zitshoe\/wp-content\/uploads\/sites\/16\/2021\/06\/portrait-of-blue-eyed-guy-ponders-on-something-sta-JWVPPAM.jpg",
                                                    "id": 232
                                                },
                                                "hover_animation": "grow"
                                            },
                                            "elements": [],
                                            "isInner": false,
                                            "widgetType": "image",
                                            "elType": "widget"
                                        },
                                        {
                                            "id": "6cec5f2c",
                                            "settings": {
                                                "title": "James Burns",
                                                "header_size": "h4",
                                                "align": "center",
                                                "title_color": "#FFFFFF",
                                                "_margin": {
                                                    "unit": "px",
                                                    "top": "0",
                                                    "right": "0",
                                                    "bottom": "-5",
                                                    "left": "0",
                                                    "isLinked": false
                                                },
                                                "__globals__": {
                                                    "typography_typography": "globals\/typography?id=secondary"
                                                }
                                            },
                                            "elements": [],
                                            "isInner": false,
                                            "widgetType": "heading",
                                            "elType": "widget"
                                        },
                                        {
                                            "id": "306c2462",
                                            "settings": {
                                                "editor": "<p>Cleaner<\/p>",
                                                "align": "center",
                                                "text_color": "#FFFFFF",
                                                "_margin": {
                                                    "unit": "px",
                                                    "top": "-5",
                                                    "right": "0",
                                                    "bottom": "-15",
                                                    "left": "0",
                                                    "isLinked": false
                                                }
                                            },
                                            "elements": [],
                                            "isInner": false,
                                            "widgetType": "text-editor",
                                            "elType": "widget"
                                        },
                                        {
                                            "id": "755745c1",
                                            "settings": {
                                                "social_icon_list": [
                                                    {
                                                        "social_icon": {
                                                            "value": "fab fa-facebook",
                                                            "library": "fa-brands"
                                                        },
                                                        "_id": "a0c3f1d"
                                                    },
                                                    {
                                                        "social_icon": {
                                                            "value": "fab fa-twitter",
                                                            "library": "fa-brands"
                                                        },
                                                        "_id": "c626c08"
                                                    },
                                                    {
                                                        "social_icon": {
                                                            "value": "fab fa-instagram",
                                                            "library": "fa-brands"
                                                        },
                                                        "_id": "b042fba"
                                                    }
                                                ],
                                                "icon_color": "custom",
                                                "icon_primary_color": "#02010100",
                                                "icon_secondary_color": "#FFFFFF",
                                                "icon_size": {
                                                    "unit": "px",
                                                    "size": 16,
                                                    "sizes": []
                                                },
                                                "icon_padding": {
                                                    "unit": "em",
                                                    "size": 0.7,
                                                    "sizes": []
                                                },
                                                "icon_spacing": {
                                                    "unit": "px",
                                                    "size": 10,
                                                    "sizes": []
                                                },
                                                "image_border_border": "solid",
                                                "image_border_width": {
                                                    "unit": "px",
                                                    "top": "1",
                                                    "right": "1",
                                                    "bottom": "1",
                                                    "left": "1",
                                                    "isLinked": true
                                                },
                                                "image_border_color": "#FFFFFF",
                                                "border_radius": {
                                                    "unit": "px",
                                                    "top": "100",
                                                    "right": "100",
                                                    "bottom": "100",
                                                    "left": "100",
                                                    "isLinked": true
                                                },
                                                "hover_animation": "float",
                                                "__globals__": {
                                                    "icon_secondary_color": "",
                                                    "image_border_color": "",
                                                    "hover_border_color": "globals\/colors?id=secondary"
                                                }
                                            },
                                            "elements": [],
                                            "isInner": false,
                                            "widgetType": "social-icons",
                                            "elType": "widget"
                                        }
                                    ],
                                    "isInner": true,
                                    "elType": "column"
                                },
                                {
                                    "id": "7d6704da",
                                    "settings": {
                                        "_column_size": 25,
                                        "_inline_size": null,
                                        "background_background": "classic",
                                        "padding": {
                                            "unit": "px",
                                            "top": "0",
                                            "right": "0",
                                            "bottom": "30",
                                            "left": "0",
                                            "isLinked": false
                                        },
                                        "__globals__": {
                                            "background_color": "globals\/colors?id=primary"
                                        },
                                        "_inline_size_tablet": 50,
                                        "margin": {
                                            "unit": "px",
                                            "top": "0",
                                            "right": "10",
                                            "bottom": "0",
                                            "left": "10",
                                            "isLinked": false
                                        },
                                        "margin_tablet": {
                                            "unit": "px",
                                            "top": "0",
                                            "right": "10",
                                            "bottom": "20",
                                            "left": "10",
                                            "isLinked": false
                                        },
                                        "animation": "fadeIn",
                                        "animation_delay": 600
                                    },
                                    "elements": [
                                        {
                                            "id": "30e86d4b",
                                            "settings": {
                                                "image": {
                                                    "url": "https:\/\/kit.juliha.com\/zitshoe\/wp-content\/uploads\/sites\/16\/2021\/06\/adorable-young-female-with-ginger-hair-freckles-an-UHCUVNW.jpg",
                                                    "id": 230
                                                },
                                                "hover_animation": "grow"
                                            },
                                            "elements": [],
                                            "isInner": false,
                                            "widgetType": "image",
                                            "elType": "widget"
                                        },
                                        {
                                            "id": "4677e40e",
                                            "settings": {
                                                "title": "Karin Star",
                                                "header_size": "h4",
                                                "align": "center",
                                                "title_color": "#FFFFFF",
                                                "_margin": {
                                                    "unit": "px",
                                                    "top": "0",
                                                    "right": "0",
                                                    "bottom": "-5",
                                                    "left": "0",
                                                    "isLinked": false
                                                },
                                                "__globals__": {
                                                    "typography_typography": "globals\/typography?id=secondary"
                                                }
                                            },
                                            "elements": [],
                                            "isInner": false,
                                            "widgetType": "heading",
                                            "elType": "widget"
                                        },
                                        {
                                            "id": "7cb2b733",
                                            "settings": {
                                                "editor": "<p>Cleaner<\/p>",
                                                "align": "center",
                                                "text_color": "#FFFFFF",
                                                "_margin": {
                                                    "unit": "px",
                                                    "top": "-5",
                                                    "right": "0",
                                                    "bottom": "-15",
                                                    "left": "0",
                                                    "isLinked": false
                                                }
                                            },
                                            "elements": [],
                                            "isInner": false,
                                            "widgetType": "text-editor",
                                            "elType": "widget"
                                        },
                                        {
                                            "id": "5ae8a38b",
                                            "settings": {
                                                "social_icon_list": [
                                                    {
                                                        "social_icon": {
                                                            "value": "fab fa-facebook",
                                                            "library": "fa-brands"
                                                        },
                                                        "_id": "a0c3f1d"
                                                    },
                                                    {
                                                        "social_icon": {
                                                            "value": "fab fa-twitter",
                                                            "library": "fa-brands"
                                                        },
                                                        "_id": "c626c08"
                                                    },
                                                    {
                                                        "social_icon": {
                                                            "value": "fab fa-instagram",
                                                            "library": "fa-brands"
                                                        },
                                                        "_id": "b042fba"
                                                    }
                                                ],
                                                "icon_color": "custom",
                                                "icon_primary_color": "#02010100",
                                                "icon_secondary_color": "#FFFFFF",
                                                "icon_size": {
                                                    "unit": "px",
                                                    "size": 16,
                                                    "sizes": []
                                                },
                                                "icon_padding": {
                                                    "unit": "em",
                                                    "size": 0.7,
                                                    "sizes": []
                                                },
                                                "icon_spacing": {
                                                    "unit": "px",
                                                    "size": 10,
                                                    "sizes": []
                                                },
                                                "image_border_border": "solid",
                                                "image_border_width": {
                                                    "unit": "px",
                                                    "top": "1",
                                                    "right": "1",
                                                    "bottom": "1",
                                                    "left": "1",
                                                    "isLinked": true
                                                },
                                                "image_border_color": "#FFFFFF",
                                                "border_radius": {
                                                    "unit": "px",
                                                    "top": "100",
                                                    "right": "100",
                                                    "bottom": "100",
                                                    "left": "100",
                                                    "isLinked": true
                                                },
                                                "hover_animation": "float",
                                                "__globals__": {
                                                    "icon_secondary_color": "",
                                                    "image_border_color": "",
                                                    "hover_border_color": "globals\/colors?id=secondary"
                                                }
                                            },
                                            "elements": [],
                                            "isInner": false,
                                            "widgetType": "social-icons",
                                            "elType": "widget"
                                        }
                                    ],
                                    "isInner": true,
                                    "elType": "column"
                                },
                                {
                                    "id": "640e2129",
                                    "settings": {
                                        "_column_size": 25,
                                        "_inline_size": null,
                                        "background_background": "classic",
                                        "padding": {
                                            "unit": "px",
                                            "top": "0",
                                            "right": "0",
                                            "bottom": "30",
                                            "left": "0",
                                            "isLinked": false
                                        },
                                        "__globals__": {
                                            "background_color": "globals\/colors?id=primary"
                                        },
                                        "_inline_size_tablet": 50,
                                        "margin": {
                                            "unit": "px",
                                            "top": "0",
                                            "right": "10",
                                            "bottom": "0",
                                            "left": "10",
                                            "isLinked": false
                                        },
                                        "margin_tablet": {
                                            "unit": "px",
                                            "top": "0",
                                            "right": "10",
                                            "bottom": "20",
                                            "left": "10",
                                            "isLinked": false
                                        },
                                        "animation": "fadeIn",
                                        "animation_delay": 800
                                    },
                                    "elements": [
                                        {
                                            "id": "54688016",
                                            "settings": {
                                                "image": {
                                                    "url": "https:\/\/kit.juliha.com\/zitshoe\/wp-content\/uploads\/sites\/16\/2021\/06\/beautiful-blonde-thoughtful-middle-aged-woman-keep-EHQFTFE.jpg",
                                                    "id": 231
                                                },
                                                "hover_animation": "grow"
                                            },
                                            "elements": [],
                                            "isInner": false,
                                            "widgetType": "image",
                                            "elType": "widget"
                                        },
                                        {
                                            "id": "3b58296b",
                                            "settings": {
                                                "title": "Vicky Tim",
                                                "header_size": "h4",
                                                "align": "center",
                                                "title_color": "#FFFFFF",
                                                "_margin": {
                                                    "unit": "px",
                                                    "top": "0",
                                                    "right": "0",
                                                    "bottom": "-5",
                                                    "left": "0",
                                                    "isLinked": false
                                                },
                                                "__globals__": {
                                                    "typography_typography": "globals\/typography?id=secondary"
                                                }
                                            },
                                            "elements": [],
                                            "isInner": false,
                                            "widgetType": "heading",
                                            "elType": "widget"
                                        },
                                        {
                                            "id": "35fa0a2b",
                                            "settings": {
                                                "editor": "<p>Cleaner<\/p>",
                                                "align": "center",
                                                "text_color": "#FFFFFF",
                                                "_margin": {
                                                    "unit": "px",
                                                    "top": "-5",
                                                    "right": "0",
                                                    "bottom": "-15",
                                                    "left": "0",
                                                    "isLinked": false
                                                }
                                            },
                                            "elements": [],
                                            "isInner": false,
                                            "widgetType": "text-editor",
                                            "elType": "widget"
                                        },
                                        {
                                            "id": "84dd237",
                                            "settings": {
                                                "social_icon_list": [
                                                    {
                                                        "social_icon": {
                                                            "value": "fab fa-facebook",
                                                            "library": "fa-brands"
                                                        },
                                                        "_id": "a0c3f1d"
                                                    },
                                                    {
                                                        "social_icon": {
                                                            "value": "fab fa-twitter",
                                                            "library": "fa-brands"
                                                        },
                                                        "_id": "c626c08"
                                                    },
                                                    {
                                                        "social_icon": {
                                                            "value": "fab fa-instagram",
                                                            "library": "fa-brands"
                                                        },
                                                        "_id": "b042fba"
                                                    }
                                                ],
                                                "icon_color": "custom",
                                                "icon_primary_color": "#02010100",
                                                "icon_secondary_color": "#FFFFFF",
                                                "icon_size": {
                                                    "unit": "px",
                                                    "size": 16,
                                                    "sizes": []
                                                },
                                                "icon_padding": {
                                                    "unit": "em",
                                                    "size": 0.7,
                                                    "sizes": []
                                                },
                                                "icon_spacing": {
                                                    "unit": "px",
                                                    "size": 10,
                                                    "sizes": []
                                                },
                                                "image_border_border": "solid",
                                                "image_border_width": {
                                                    "unit": "px",
                                                    "top": "1",
                                                    "right": "1",
                                                    "bottom": "1",
                                                    "left": "1",
                                                    "isLinked": true
                                                },
                                                "image_border_color": "#FFFFFF",
                                                "border_radius": {
                                                    "unit": "px",
                                                    "top": "100",
                                                    "right": "100",
                                                    "bottom": "100",
                                                    "left": "100",
                                                    "isLinked": true
                                                },
                                                "hover_animation": "float",
                                                "__globals__": {
                                                    "icon_secondary_color": "",
                                                    "image_border_color": "",
                                                    "hover_border_color": "globals\/colors?id=secondary"
                                                }
                                            },
                                            "elements": [],
                                            "isInner": false,
                                            "widgetType": "social-icons",
                                            "elType": "widget"
                                        }
                                    ],
                                    "isInner": true,
                                    "elType": "column"
                                },
                                {
                                    "id": "7437df38",
                                    "settings": {
                                        "_column_size": 25,
                                        "_inline_size": null,
                                        "background_background": "classic",
                                        "padding": {
                                            "unit": "px",
                                            "top": "0",
                                            "right": "0",
                                            "bottom": "30",
                                            "left": "0",
                                            "isLinked": false
                                        },
                                        "__globals__": {
                                            "background_color": "globals\/colors?id=primary"
                                        },
                                        "_inline_size_tablet": 50,
                                        "margin": {
                                            "unit": "px",
                                            "top": "0",
                                            "right": "10",
                                            "bottom": "0",
                                            "left": "10",
                                            "isLinked": false
                                        },
                                        "margin_tablet": {
                                            "unit": "px",
                                            "top": "0",
                                            "right": "10",
                                            "bottom": "20",
                                            "left": "10",
                                            "isLinked": false
                                        },
                                        "animation": "fadeIn",
                                        "animation_delay": 100
                                    },
                                    "elements": [
                                        {
                                            "id": "75eadac4",
                                            "settings": {
                                                "image": {
                                                    "url": "https:\/\/kit.juliha.com\/zitshoe\/wp-content\/uploads\/sites\/16\/2021\/06\/positive-thoughtful-woman-concentrated-somewhere-g-RY6N984.jpg",
                                                    "id": 234
                                                },
                                                "hover_animation": "grow"
                                            },
                                            "elements": [],
                                            "isInner": false,
                                            "widgetType": "image",
                                            "elType": "widget"
                                        },
                                        {
                                            "id": "19ae0a24",
                                            "settings": {
                                                "title": "Matilda K.",
                                                "header_size": "h4",
                                                "align": "center",
                                                "title_color": "#FFFFFF",
                                                "_margin": {
                                                    "unit": "px",
                                                    "top": "0",
                                                    "right": "0",
                                                    "bottom": "-5",
                                                    "left": "0",
                                                    "isLinked": false
                                                },
                                                "__globals__": {
                                                    "typography_typography": "globals\/typography?id=secondary"
                                                }
                                            },
                                            "elements": [],
                                            "isInner": false,
                                            "widgetType": "heading",
                                            "elType": "widget"
                                        },
                                        {
                                            "id": "188326ad",
                                            "settings": {
                                                "editor": "<p>Cleaner<\/p>",
                                                "align": "center",
                                                "text_color": "#FFFFFF",
                                                "_margin": {
                                                    "unit": "px",
                                                    "top": "-5",
                                                    "right": "0",
                                                    "bottom": "-15",
                                                    "left": "0",
                                                    "isLinked": false
                                                }
                                            },
                                            "elements": [],
                                            "isInner": false,
                                            "widgetType": "text-editor",
                                            "elType": "widget"
                                        },
                                        {
                                            "id": "17bcb4d8",
                                            "settings": {
                                                "social_icon_list": [
                                                    {
                                                        "social_icon": {
                                                            "value": "fab fa-facebook",
                                                            "library": "fa-brands"
                                                        },
                                                        "_id": "a0c3f1d"
                                                    },
                                                    {
                                                        "social_icon": {
                                                            "value": "fab fa-twitter",
                                                            "library": "fa-brands"
                                                        },
                                                        "_id": "c626c08"
                                                    },
                                                    {
                                                        "social_icon": {
                                                            "value": "fab fa-instagram",
                                                            "library": "fa-brands"
                                                        },
                                                        "_id": "b042fba"
                                                    }
                                                ],
                                                "icon_color": "custom",
                                                "icon_primary_color": "#02010100",
                                                "icon_secondary_color": "#FFFFFF",
                                                "icon_size": {
                                                    "unit": "px",
                                                    "size": 16,
                                                    "sizes": []
                                                },
                                                "icon_padding": {
                                                    "unit": "em",
                                                    "size": 0.7,
                                                    "sizes": []
                                                },
                                                "icon_spacing": {
                                                    "unit": "px",
                                                    "size": 10,
                                                    "sizes": []
                                                },
                                                "image_border_border": "solid",
                                                "image_border_width": {
                                                    "unit": "px",
                                                    "top": "1",
                                                    "right": "1",
                                                    "bottom": "1",
                                                    "left": "1",
                                                    "isLinked": true
                                                },
                                                "image_border_color": "#FFFFFF",
                                                "border_radius": {
                                                    "unit": "px",
                                                    "top": "100",
                                                    "right": "100",
                                                    "bottom": "100",
                                                    "left": "100",
                                                    "isLinked": true
                                                },
                                                "hover_animation": "float",
                                                "__globals__": {
                                                    "icon_secondary_color": "",
                                                    "image_border_color": "",
                                                    "hover_border_color": "globals\/colors?id=secondary"
                                                }
                                            },
                                            "elements": [],
                                            "isInner": false,
                                            "widgetType": "social-icons",
                                            "elType": "widget"
                                        }
                                    ],
                                    "isInner": true,
                                    "elType": "column"
                                }
                            ],
                            "isInner": true,
                            "elType": "section"
                        }
                    ],
                    "isInner": false,
                    "elType": "column"
                }
            ],
            "isInner": false,
            "elType": "section"
        },
        {
            "id": "4fab8f66",
            "settings": {
                "content_width": {
                    "unit": "px",
                    "size": 1300,
                    "sizes": []
                },
                "structure": "20",
                "background_background": "classic",
                "background_image": {
                    "url": "https:\/\/kit.juliha.com\/zitshoe\/wp-content\/uploads\/sites\/16\/2021\/06\/girl-with-bowling-shoes-CNMG9NX.jpg",
                    "id": 372
                },
                "background_position": "center center",
                "background_size": "cover",
                "background_overlay_background": "classic",
                "padding": {
                    "unit": "px",
                    "top": "150",
                    "right": "0",
                    "bottom": "150",
                    "left": "0",
                    "isLinked": false
                },
                "padding_tablet": {
                    "unit": "px",
                    "top": "100",
                    "right": "10",
                    "bottom": "100",
                    "left": "10",
                    "isLinked": false
                },
                "__globals__": {
                    "background_overlay_color": "globals\/colors?id=primary"
                },
                "reverse_order_mobile": "reverse-mobile"
            },
            "elements": [
                {
                    "id": "42fcb567",
                    "settings": {
                        "_column_size": 50,
                        "_inline_size": null,
                        "content_position": "center",
                        "padding_mobile": {
                            "unit": "px",
                            "top": "70",
                            "right": "0",
                            "bottom": "0",
                            "left": "0",
                            "isLinked": false
                        }
                    },
                    "elements": [
                        {
                            "id": "208f2a2d",
                            "settings": {
                                "ekit_video_popup_button_title": "Play Video",
                                "ekit_video_popup_button_icons": {
                                    "value": "jki jki-play-button",
                                    "library": "jkiticon"
                                },
                                "ekit_video_popup_url": "https:\/\/www.youtube.com",
                                "ekit_video_popup_text_padding": {
                                    "unit": "px",
                                    "top": "9",
                                    "right": "0",
                                    "bottom": "0",
                                    "left": "3",
                                    "isLinked": false
                                },
                                "ekit_video_popup_btn_bg_color_background": "classic",
                                "ekit_video_popup_btn_bg_color_color": "#FFFFFF",
                                "ekit_video_popup_btn_bg_hover_color_background": "classic",
                                "__globals__": {
                                    "ekit_video_popup_btn_typography_typography": "globals\/typography?id=accent",
                                    "ekit_video_popup_btn_glow_color": "globals\/colors?id=secondary",
                                    "ekit_video_popup_btn_text_color": "globals\/colors?id=secondary",
                                    "ekit_video_popup_btn_hover_color": "globals\/colors?id=secondary",
                                    "ekit_video_popup_btn_bg_hover_color_color": "globals\/colors?id=primary"
                                },
                                "_animation": "fadeIn",
                                "_animation_delay": 200
                            },
                            "elements": [],
                            "isInner": false,
                            "widgetType": "elementskit-video",
                            "elType": "widget"
                        }
                    ],
                    "isInner": false,
                    "elType": "column"
                },
                {
                    "id": "2dd58566",
                    "settings": {
                        "_column_size": 50,
                        "_inline_size": null,
                        "animation": "fadeIn"
                    },
                    "elements": [
                        {
                            "id": "36304d9d",
                            "settings": {
                                "title": "Our process is very detailed",
                                "title_color": "#FFFFFF",
                                "__globals__": [],
                                "align_mobile": "center"
                            },
                            "elements": [],
                            "isInner": false,
                            "widgetType": "heading",
                            "elType": "widget"
                        },
                        {
                            "id": "4b25b4e6",
                            "settings": {
                                "editor": "<p>Lorem ipsum dolor sit amet, consectetur adipiscing elit. In faucibus felis ut justo viverra, ac rhoncus nisl auctor. Sed condimentum fermentum velit, sit amet tempus lorem eleifend sed. Fusce hendrerit volutpat velit, sed faucibus risus luctus sed. Curabitur porttitor ligula sit amet lacinia vehicula. Maecenas in iaculis diam.<\/p>",
                                "text_color": "#FFFFFF",
                                "_margin": {
                                    "unit": "px",
                                    "top": "0",
                                    "right": "0",
                                    "bottom": "30",
                                    "left": "0",
                                    "isLinked": false
                                },
                                "__globals__": {
                                    "typography_typography": "globals\/typography?id=text"
                                },
                                "align_mobile": "center"
                            },
                            "elements": [],
                            "isInner": false,
                            "widgetType": "text-editor",
                            "elType": "widget"
                        },
                        {
                            "id": "55527be",
                            "settings": {
                                "text": "LEARN MORE",
                                "button_text_color": "#FFFFFF",
                                "background_color": "#000000",
                                "hover_color": "#FFFFFF",
                                "button_background_hover_color": "#02010100",
                                "button_hover_border_color": "#FFFFFF",
                                "border_border": "solid",
                                "border_width": {
                                    "unit": "px",
                                    "top": "2",
                                    "right": "2",
                                    "bottom": "2",
                                    "left": "2",
                                    "isLinked": true
                                },
                                "border_color": "#000000",
                                "border_radius": {
                                    "unit": "px",
                                    "top": "0",
                                    "right": "0",
                                    "bottom": "0",
                                    "left": "0",
                                    "isLinked": false
                                },
                                "text_padding": {
                                    "unit": "px",
                                    "top": "20",
                                    "right": "40",
                                    "bottom": "20",
                                    "left": "40",
                                    "isLinked": false
                                },
                                "__globals__": {
                                    "typography_typography": "globals\/typography?id=accent"
                                },
                                "hover_animation": "float",
                                "align_mobile": "center"
                            },
                            "elements": [],
                            "isInner": false,
                            "widgetType": "button",
                            "elType": "widget"
                        }
                    ],
                    "isInner": false,
                    "elType": "column"
                }
            ],
            "isInner": false,
            "elType": "section"
        },
        {
            "id": "30ddfbea",
            "settings": {
                "content_width": {
                    "unit": "px",
                    "size": 1300,
                    "sizes": []
                },
                "padding": {
                    "unit": "px",
                    "top": "100",
                    "right": "0",
                    "bottom": "100",
                    "left": "0",
                    "isLinked": false
                },
                "padding_tablet": {
                    "unit": "px",
                    "top": "50",
                    "right": "0",
                    "bottom": "50",
                    "left": "0",
                    "isLinked": false
                },
                "padding_mobile": {
                    "unit": "px",
                    "top": "50",
                    "right": "0",
                    "bottom": "50",
                    "left": "0",
                    "isLinked": false
                }
            },
            "elements": [
                {
                    "id": "53106de",
                    "settings": {
                        "_column_size": 100,
                        "_inline_size": null,
                        "animation": "fadeIn"
                    },
                    "elements": [
                        {
                            "id": "3cdb2241",
                            "settings": {
                                "ekit_testimonial_style": "style5",
                                "ekit_testimonial_wartermarks": {
                                    "value": "icon icon-quote2",
                                    "library": "ekiticons"
                                },
                                "ekit_testimonial_rating_enable": "",
                                "ekit_testimonial_data": [
                                    {
                                        "client_name": "Jim Currey",
                                        "_id": "80bb014",
                                        "designation": "Designation",
                                        "review": "<i>Donec vel laoreet enim. Etiam nec ipsum erat. Sed eu venenatis nunc, ac suscipit diam. Phasellus sit amet volutpat nunc. Morbi sit amet dignissim metus.<\/i>",
                                        "client_photo": {
                                            "url": "https:\/\/kit.juliha.com\/zitshoe\/wp-content\/uploads\/sites\/16\/2021\/06\/portrait-of-blue-eyed-guy-ponders-on-something-sta-JWVPPAM.jpg",
                                            "id": 232
                                        },
                                        "client_logo": {
                                            "url": "https:\/\/kit.juliha.com\/lucius\/wp-content\/plugins\/elementor\/assets\/images\/placeholder.png",
                                            "id": ""
                                        },
                                        "client_logo_active": {
                                            "url": "https:\/\/kit.juliha.com\/lucius\/wp-content\/plugins\/elementor\/assets\/images\/placeholder.png",
                                            "id": ""
                                        }
                                    },
                                    {
                                        "client_name": "Ben Lowsan",
                                        "_id": "e151b0c",
                                        "designation": "Designation",
                                        "review": "<i>Donec vel laoreet enim. Etiam nec ipsum erat. Sed eu venenatis nunc, ac suscipit diam. Phasellus sit amet volutpat nunc. Morbi sit amet dignissim metus.<\/i>",
                                        "client_photo": {
                                            "url": "https:\/\/kit.juliha.com\/zitshoe\/wp-content\/uploads\/sites\/16\/2021\/06\/doubtful-redhead-woman-chooses-between-two-ways-cr-GU88NPZ-3.jpg",
                                            "id": 226
                                        },
                                        "client_logo": {
                                            "url": "https:\/\/kit.juliha.com\/lucius\/wp-content\/plugins\/elementor\/assets\/images\/placeholder.png",
                                            "id": ""
                                        },
                                        "client_logo_active": {
                                            "url": "https:\/\/kit.juliha.com\/lucius\/wp-content\/plugins\/elementor\/assets\/images\/placeholder.png",
                                            "id": ""
                                        }
                                    },
                                    {
                                        "client_name": "Lilith Kim",
                                        "_id": "a5dc118",
                                        "designation": "Designation",
                                        "review": "<i>Donec vel laoreet enim. Etiam nec ipsum erat. Sed eu venenatis nunc, ac suscipit diam. Phasellus sit amet volutpat nunc. Morbi sit amet dignissim metus.<\/i>",
                                        "client_photo": {
                                            "url": "https:\/\/kit.juliha.com\/zitshoe\/wp-content\/uploads\/sites\/16\/2021\/06\/positive-thoughtful-woman-concentrated-somewhere-g-RY6N984.jpg",
                                            "id": 234
                                        },
                                        "client_logo": {
                                            "url": "https:\/\/kit.juliha.com\/lucius\/wp-content\/plugins\/elementor\/assets\/images\/placeholder.png",
                                            "id": ""
                                        },
                                        "client_logo_active": {
                                            "url": "https:\/\/kit.juliha.com\/lucius\/wp-content\/plugins\/elementor\/assets\/images\/placeholder.png",
                                            "id": ""
                                        }
                                    }
                                ],
                                "ekit_testimonial_speed": 3000,
                                "ekit_testimonial_show_arrow": "yes",
                                "ekit_testimonial_left_arrows": {
                                    "value": "icon icon-chevron-left",
                                    "library": "ekiticons"
                                },
                                "ekit_testimonial_right_arrows": {
                                    "value": "icon icon-chevron-right",
                                    "library": "ekiticons"
                                },
                                "ekit_testimonial_layout_padding": {
                                    "unit": "px",
                                    "top": "0",
                                    "right": "100",
                                    "bottom": "0",
                                    "left": "100",
                                    "isLinked": false
                                },
                                "ekit_testimonial_layout_border_radius": {
                                    "unit": "px",
                                    "top": "0",
                                    "right": "0",
                                    "bottom": "0",
                                    "left": "0",
                                    "isLinked": false
                                },
                                "ekit_testimonial_layout_background_background": "classic",
                                "ekit_testimonial_layout_background_color": "#02010100",
                                "ekit_testimonial_section_wraper_padding": {
                                    "unit": "px",
                                    "top": "0",
                                    "right": "0",
                                    "bottom": "0",
                                    "left": "0",
                                    "isLinked": false
                                },
                                "ekit_testimonial_description_color": "#FFFFFF",
                                "ekit_testimonial_description_typography_typography": "custom",
                                "ekit_testimonial_description_typography_font_family": "Hind Siliguri",
                                "ekit_testimonial_description_typography_font_size": {
                                    "unit": "px",
                                    "size": 35,
                                    "sizes": []
                                },
                                "ekit_testimonial_description_typography_font_size_tablet": {
                                    "unit": "px",
                                    "size": 30,
                                    "sizes": []
                                },
                                "ekit_testimonial_description_typography_font_size_mobile": {
                                    "unit": "px",
                                    "size": 30,
                                    "sizes": []
                                },
                                "ekit_testimonial_description_typography_font_weight": "700",
                                "ekit_testimonial_section_wathermark_color": "#0000001F",
                                "ekit_testimonial_section_wathermark_typography": {
                                    "unit": "px",
                                    "size": 75,
                                    "sizes": []
                                },
                                "ekit_testimonial_nav_width": {
                                    "unit": "px",
                                    "size": 30,
                                    "sizes": []
                                },
                                "ekit_testimonial_nav_height": {
                                    "unit": "px",
                                    "size": 30,
                                    "sizes": []
                                },
                                "__globals__": {
                                    "ekit_testimonial_description_typography_typography": "globals\/typography?id=secondary",
                                    "ekit_testimonial_description_color": "globals\/colors?id=primary",
                                    "ekit_testimonial_section_wathermark_color": "",
                                    "ekit_testimonial_client_name_typography_typography": "globals\/typography?id=dd731a4",
                                    "ekit_testimonial_client_name_normal_color": "globals\/colors?id=primary",
                                    "ekit_testimonial_designation_normal_color": "globals\/colors?id=text",
                                    "ekit_testimonial_designation_typography_typography": "globals\/typography?id=text",
                                    "ekit_testimonial_nav_font_color_normal": "globals\/colors?id=primary"
                                },
                                "ekit_testimonial_layout_padding_mobile": {
                                    "unit": "px",
                                    "top": "0",
                                    "right": "0",
                                    "bottom": "0",
                                    "left": "0",
                                    "isLinked": false
                                },
                                "ekit_testimonial_section_wathermark_typography_mobile": {
                                    "unit": "px",
                                    "size": 40,
                                    "sizes": []
                                },
                                "ekit_testimonial_section_wathermark_icon_padding_mobile": {
                                    "unit": "px",
                                    "top": "0",
                                    "right": "0",
                                    "bottom": "20",
                                    "left": "0",
                                    "isLinked": false
                                },
                                "_margin_mobile": {
                                    "unit": "px",
                                    "top": "-50",
                                    "right": "0",
                                    "bottom": "0",
                                    "left": "0",
                                    "isLinked": false
                                },
                                "_padding_mobile": {
                                    "unit": "px",
                                    "top": "0",
                                    "right": "0",
                                    "bottom": "0",
                                    "left": "0",
                                    "isLinked": false
                                },
                                "_animation": "fadeIn",
                                "_animation_delay": 200,
                                "ekit_testimonial_nav_border_normal_border": "solid",
                                "ekit_testimonial_nav_border_normal_width": {
                                    "unit": "px",
                                    "top": "0",
                                    "right": "0",
                                    "bottom": "0",
                                    "left": "0",
                                    "isLinked": false
                                },
                                "ekit_testimonial_nav_border_normal_color": "#02010100",
                                "ekit_testimonial_layout_shadow_box_shadow_type": "yes",
                                "ekit_testimonial_layout_shadow_box_shadow": {
                                    "horizontal": 0,
                                    "vertical": 0,
                                    "blur": 10,
                                    "spread": 0,
                                    "color": "rgba(0, 0, 0, 0)"
                                },
                                "_margin": {
                                    "unit": "px",
                                    "top": "0",
                                    "right": "0",
                                    "bottom": "0",
                                    "left": "0",
                                    "isLinked": false
                                },
                                "_margin_tablet": {
                                    "unit": "px",
                                    "top": "-25",
                                    "right": "0",
                                    "bottom": "0",
                                    "left": "0",
                                    "isLinked": false
                                },
                                "ekit_testimonial_nav_background_normal_background": "classic",
                                "ekit_testimonial_nav_background_normal_color": "#02010100"
                            },
                            "elements": [],
                            "isInner": false,
                            "widgetType": "elementskit-testimonial",
                            "elType": "widget"
                        }
                    ],
                    "isInner": false,
                    "elType": "column"
                }
            ],
            "isInner": false,
            "elType": "section"
        }
    ],
    "page_settings": {
        "hide_title": "yes",
        "template": "elementor_canvas"
    }
}